-- phpMyAdmin SQL Dump
-- version 4.8.5
-- https://www.phpmyadmin.net/
--
-- Host: 127.0.0.1
-- Generation Time: May 01, 2023 at 05:11 AM
-- Server version: 10.1.38-MariaDB
-- PHP Version: 7.3.2

SET SQL_MODE = "NO_AUTO_VALUE_ON_ZERO";
SET AUTOCOMMIT = 0;
START TRANSACTION;
SET time_zone = "+00:00";


/*!40101 SET @OLD_CHARACTER_SET_CLIENT=@@CHARACTER_SET_CLIENT */;
/*!40101 SET @OLD_CHARACTER_SET_RESULTS=@@CHARACTER_SET_RESULTS */;
/*!40101 SET @OLD_COLLATION_CONNECTION=@@COLLATION_CONNECTION */;
/*!40101 SET NAMES utf8mb4 */;

--
-- Database: `resort`
--

-- --------------------------------------------------------

--
-- Table structure for table `m_bookings`
--

CREATE TABLE `m_bookings` (
  `id` int(11) NOT NULL,
  `type` varchar(10) NOT NULL,
  `cottages` varchar(100) NOT NULL,
  `selected_date_from` date NOT NULL,
  `selected_date_to` date NOT NULL,
  `payment_record` int(11) DEFAULT NULL,
  `booker` int(11) NOT NULL,
  `status` varchar(20) NOT NULL DEFAULT 'approved',
  `x_reason` text,
  `createdAt` timestamp NOT NULL DEFAULT CURRENT_TIMESTAMP,
  `updatedAt` timestamp NOT NULL DEFAULT CURRENT_TIMESTAMP
) ENGINE=InnoDB DEFAULT CHARSET=utf8mb4;

--
-- Dumping data for table `m_bookings`
--

INSERT INTO `m_bookings` (`id`, `type`, `cottages`, `selected_date_from`, `selected_date_to`, `payment_record`, `booker`, `status`, `x_reason`, `createdAt`, `updatedAt`) VALUES
(218, '\"walkin\"', '[3]', '2023-03-03', '2023-03-03', 220, 235, 'approved', NULL, '2023-03-03 12:50:20', '2023-03-03 12:50:20'),
(219, '\"walkin\"', '[3]', '2023-03-03', '2023-03-03', 221, 236, 'approved', NULL, '2023-03-03 12:50:20', '2023-03-03 12:50:20'),
(220, '\"walkin\"', '[3]', '2023-03-03', '2023-03-03', 222, 237, 'approved', NULL, '2023-03-03 12:50:20', '2023-03-03 12:50:20'),
(221, '\"walkin\"', '[3]', '2023-03-03', '2023-03-03', 223, 238, 'approved', NULL, '2023-03-03 12:50:20', '2023-03-03 12:50:20'),
(222, '\"walkin\"', '[3]', '2023-03-03', '2023-03-03', 224, 239, 'approved', NULL, '2023-03-03 12:50:20', '2023-03-03 12:50:20'),
(223, '\"walkin\"', '[3]', '2023-03-03', '2023-03-03', 225, 240, 'approved', NULL, '2023-03-03 12:50:20', '2023-03-03 12:50:20'),
(224, '\"walkin\"', '[3]', '2023-03-03', '2023-03-03', 226, 241, 'approved', NULL, '2023-03-03 12:50:20', '2023-03-03 12:50:20'),
(225, '\"walkin\"', '[3]', '2023-03-03', '2023-03-03', 227, 242, 'approved', NULL, '2023-03-03 12:50:20', '2023-03-03 12:50:20'),
(226, '\"walkin\"', '[3]', '2023-03-03', '2023-03-03', 228, 243, 'approved', NULL, '2023-03-03 12:50:20', '2023-03-03 12:50:20'),
(227, '\"walkin\"', '[3]', '2023-03-03', '2023-03-03', 229, 244, 'approved', NULL, '2023-03-03 12:50:20', '2023-03-03 12:50:20'),
(228, '\"walkin\"', '[3]', '2023-03-03', '2023-03-03', 230, 245, 'approved', NULL, '2023-03-03 12:50:20', '2023-03-03 12:50:20'),
(229, '\"walkin\"', '[3]', '2023-03-03', '2023-03-03', 231, 246, 'approved', NULL, '2023-03-03 12:50:20', '2023-03-03 12:50:20'),
(230, '\"walkin\"', '[3]', '2023-03-03', '2023-03-03', 232, 247, 'approved', NULL, '2023-03-03 12:50:20', '2023-03-03 12:50:20'),
(231, '\"walkin\"', '[3]', '2023-03-03', '2023-03-03', 233, 248, 'approved', NULL, '2023-03-03 12:50:20', '2023-03-03 12:50:20'),
(232, '\"walkin\"', '[3]', '2023-03-03', '2023-03-03', 234, 249, 'approved', NULL, '2023-03-03 12:50:20', '2023-03-03 12:50:20'),
(233, '\"walkin\"', '[3]', '2023-03-03', '2023-03-03', 235, 250, 'approved', NULL, '2023-03-03 12:50:20', '2023-03-03 12:50:20'),
(234, '\"walkin\"', '[3]', '2023-03-03', '2023-03-03', 236, 251, 'approved', NULL, '2023-03-03 12:50:20', '2023-03-03 12:50:20'),
(235, '\"walkin\"', '[3]', '2023-03-03', '2023-03-03', 237, 252, 'approved', NULL, '2023-03-03 12:50:20', '2023-03-03 12:50:20'),
(236, '\"walkin\"', '[3]', '2023-03-03', '2023-03-03', 238, 253, 'approved', NULL, '2023-03-03 12:50:20', '2023-03-03 12:50:20'),
(237, '\"walkin\"', '[3]', '2023-03-03', '2023-03-03', 239, 254, 'approved', NULL, '2023-03-03 12:50:20', '2023-03-03 12:50:20'),
(238, '\"walkin\"', '[3]', '2023-03-03', '2023-03-03', 240, 255, 'approved', NULL, '2023-03-03 12:50:20', '2023-03-03 12:50:20'),
(239, '\"walkin\"', '[3]', '2023-03-03', '2023-03-03', 241, 256, 'approved', NULL, '2023-03-03 12:50:20', '2023-03-03 12:50:20'),
(240, '\"walkin\"', '[3]', '2023-03-03', '2023-03-03', 242, 257, 'approved', NULL, '2023-03-03 12:50:20', '2023-03-03 12:50:20'),
(241, '\"walkin\"', '[3]', '2023-03-03', '2023-03-03', 243, 258, 'approved', NULL, '2023-03-03 12:50:20', '2023-03-03 12:50:20'),
(242, '\"walkin\"', '[3]', '2023-03-03', '2023-03-03', 244, 259, 'approved', NULL, '2023-03-03 12:50:20', '2023-03-03 12:50:20'),
(243, '\"walkin\"', '[3]', '2023-03-03', '2023-03-03', 245, 260, 'approved', NULL, '2023-03-03 12:50:20', '2023-03-03 12:50:20'),
(244, '\"walkin\"', '[3]', '2023-03-03', '2023-03-03', 246, 261, 'approved', NULL, '2023-03-03 12:50:20', '2023-03-03 12:50:20'),
(245, '\"walkin\"', '[3]', '2023-03-03', '2023-03-03', 247, 262, 'approved', NULL, '2023-03-03 12:50:21', '2023-03-03 12:50:21'),
(246, '\"walkin\"', '[3]', '2023-03-03', '2023-03-03', 248, 263, 'approved', NULL, '2023-03-03 12:50:21', '2023-03-03 12:50:21'),
(247, '\"walkin\"', '[3]', '2023-03-03', '2023-03-03', 249, 264, 'approved', NULL, '2023-03-03 12:50:21', '2023-03-03 12:50:21'),
(248, '\"walkin\"', '[3]', '2023-03-03', '2023-03-03', 250, 265, 'approved', NULL, '2023-03-03 12:50:21', '2023-03-03 12:50:21'),
(249, '\"walkin\"', '[3]', '2023-03-03', '2023-03-03', 251, 266, 'approved', NULL, '2023-03-03 12:50:21', '2023-03-03 12:50:21'),
(250, '\"walkin\"', '[3]', '2023-03-03', '2023-03-03', 252, 267, 'approved', NULL, '2023-03-03 12:50:21', '2023-03-03 12:50:21'),
(251, '\"walkin\"', '[3]', '2023-03-03', '2023-03-03', 253, 268, 'approved', NULL, '2023-03-03 12:50:21', '2023-03-03 12:50:21'),
(252, '\"walkin\"', '[3]', '2023-03-03', '2023-03-03', 254, 269, 'approved', NULL, '2023-03-03 12:50:21', '2023-03-03 12:50:21'),
(253, '\"walkin\"', '[3]', '2023-03-03', '2023-03-03', 255, 270, 'approved', NULL, '2023-03-03 12:50:21', '2023-03-03 12:50:21'),
(254, '\"walkin\"', '[3]', '2023-03-03', '2023-03-03', 256, 271, 'approved', NULL, '2023-03-03 12:50:21', '2023-03-03 12:50:21'),
(255, '\"walkin\"', '[3]', '2023-03-03', '2023-03-03', 257, 272, 'approved', NULL, '2023-03-03 12:50:21', '2023-03-03 12:50:21'),
(256, '\"walkin\"', '[3]', '2023-03-03', '2023-03-03', 258, 273, 'approved', NULL, '2023-03-03 12:50:21', '2023-03-03 12:50:21'),
(257, '\"walkin\"', '[3]', '2023-03-03', '2023-03-03', 259, 274, 'approved', NULL, '2023-03-03 12:50:21', '2023-03-03 12:50:21'),
(258, '\"walkin\"', '[3]', '2023-03-03', '2023-03-03', 260, 275, 'approved', NULL, '2023-03-03 12:50:21', '2023-03-03 12:50:21'),
(259, '\"walkin\"', '[3]', '2023-03-03', '2023-03-03', 261, 276, 'approved', NULL, '2023-03-03 12:50:21', '2023-03-03 12:50:21'),
(260, '\"walkin\"', '[3]', '2023-03-03', '2023-03-03', 262, 277, 'approved', NULL, '2023-03-03 12:50:21', '2023-03-03 12:50:21'),
(261, '\"walkin\"', '[3]', '2023-03-03', '2023-03-03', 263, 278, 'approved', NULL, '2023-03-03 12:50:21', '2023-03-03 12:50:21'),
(262, '\"walkin\"', '[3]', '2023-03-03', '2023-03-03', 264, 279, 'approved', NULL, '2023-03-03 12:50:21', '2023-03-03 12:50:21'),
(263, '\"walkin\"', '[3]', '2023-03-03', '2023-03-03', 265, 280, 'approved', NULL, '2023-03-03 12:50:21', '2023-03-03 12:50:21'),
(264, '\"walkin\"', '[3]', '2023-03-03', '2023-03-03', 266, 281, 'approved', NULL, '2023-03-03 12:50:21', '2023-03-03 12:50:21'),
(265, '\"walkin\"', '[3]', '2023-03-03', '2023-03-03', 267, 282, 'approved', NULL, '2023-03-03 12:50:21', '2023-03-03 12:50:21'),
(266, '\"walkin\"', '[3]', '2023-03-03', '2023-03-03', 268, 283, 'approved', NULL, '2023-03-03 12:50:21', '2023-03-03 12:50:21'),
(267, '\"walkin\"', '[3]', '2023-03-03', '2023-03-03', 269, 284, 'approved', NULL, '2023-03-03 12:50:21', '2023-03-03 12:50:21'),
(268, '\"walkin\"', '[3]', '2023-03-03', '2023-03-03', 270, 285, 'approved', NULL, '2023-03-03 12:50:21', '2023-03-03 12:50:21'),
(269, '\"walkin\"', '[3]', '2023-03-03', '2023-03-03', 271, 286, 'approved', NULL, '2023-03-03 12:50:21', '2023-03-03 12:50:21'),
(270, '\"walkin\"', '[3]', '2023-03-03', '2023-03-03', 272, 287, 'approved', NULL, '2023-03-03 12:50:21', '2023-03-03 12:50:21'),
(271, '\"walkin\"', '[3]', '2023-03-03', '2023-03-03', 273, 288, 'approved', NULL, '2023-03-03 12:50:21', '2023-03-03 12:50:21'),
(272, '\"walkin\"', '[3]', '2023-03-03', '2023-03-03', 274, 289, 'approved', NULL, '2023-03-03 12:50:21', '2023-03-03 12:50:21'),
(273, '\"walkin\"', '[3]', '2023-03-03', '2023-03-03', 275, 290, 'approved', NULL, '2023-03-03 12:50:21', '2023-03-03 12:50:21'),
(274, '\"walkin\"', '[3]', '2023-03-03', '2023-03-03', 276, 291, 'approved', NULL, '2023-03-03 12:50:21', '2023-03-03 12:50:21'),
(275, '\"walkin\"', '[3]', '2023-03-03', '2023-03-03', 277, 292, 'approved', NULL, '2023-03-03 12:50:21', '2023-03-03 12:50:21'),
(276, '\"walkin\"', '[3]', '2023-03-03', '2023-03-03', 278, 293, 'approved', NULL, '2023-03-03 12:50:21', '2023-03-03 12:50:21'),
(277, '\"walkin\"', '[3]', '2023-03-03', '2023-03-03', 279, 294, 'approved', NULL, '2023-03-03 12:50:21', '2023-03-03 12:50:21'),
(278, '\"walkin\"', '[3]', '2023-03-03', '2023-03-03', 280, 295, 'approved', NULL, '2023-03-03 12:50:21', '2023-03-03 12:50:21'),
(279, '\"walkin\"', '[3]', '2023-03-03', '2023-03-03', 281, 296, 'approved', NULL, '2023-03-03 12:50:21', '2023-03-03 12:50:21'),
(280, '\"walkin\"', '[3]', '2023-03-03', '2023-03-03', 282, 297, 'approved', NULL, '2023-03-03 12:50:21', '2023-03-03 12:50:21'),
(281, '\"walkin\"', '[3]', '2023-03-03', '2023-03-03', 283, 298, 'approved', NULL, '2023-03-03 12:50:21', '2023-03-03 12:50:21'),
(282, '\"walkin\"', '[3]', '2023-03-03', '2023-03-03', 284, 299, 'approved', NULL, '2023-03-03 12:50:21', '2023-03-03 12:50:21'),
(283, '\"walkin\"', '[3]', '2023-03-03', '2023-03-03', 285, 300, 'approved', NULL, '2023-03-03 12:50:21', '2023-03-03 12:50:21'),
(284, '\"walkin\"', '[3]', '2023-03-03', '2023-03-03', 286, 301, 'approved', NULL, '2023-03-03 12:50:21', '2023-03-03 12:50:21'),
(285, '\"walkin\"', '[3]', '2023-03-03', '2023-03-03', 287, 302, 'approved', NULL, '2023-03-03 12:50:21', '2023-03-03 12:50:21'),
(286, '\"walkin\"', '[3]', '2023-03-03', '2023-03-03', 288, 303, 'approved', NULL, '2023-03-03 12:50:21', '2023-03-03 12:50:21'),
(287, '\"walkin\"', '[3]', '2023-03-03', '2023-03-03', 289, 304, 'approved', NULL, '2023-03-03 12:50:21', '2023-03-03 12:50:21'),
(288, '\"walkin\"', '[3]', '2023-03-03', '2023-03-03', 290, 305, 'approved', NULL, '2023-03-03 12:50:21', '2023-03-03 12:50:21'),
(289, '\"walkin\"', '[3]', '2023-03-03', '2023-03-03', 291, 306, 'approved', NULL, '2023-03-03 12:50:21', '2023-03-03 12:50:21'),
(290, '\"walkin\"', '[3]', '2023-03-03', '2023-03-03', 292, 307, 'approved', NULL, '2023-03-03 12:50:21', '2023-03-03 12:50:21'),
(291, '\"walkin\"', '[3]', '2023-03-03', '2023-03-03', 293, 308, 'approved', NULL, '2023-03-03 12:50:21', '2023-03-03 12:50:21'),
(292, '\"walkin\"', '[3]', '2023-03-03', '2023-03-03', 294, 309, 'approved', NULL, '2023-03-03 12:50:21', '2023-03-03 12:50:21'),
(293, '\"walkin\"', '[3]', '2023-03-03', '2023-03-03', 295, 310, 'approved', NULL, '2023-03-03 12:50:21', '2023-03-03 12:50:21'),
(294, '\"walkin\"', '[3]', '2023-03-03', '2023-03-03', 296, 311, 'approved', NULL, '2023-03-03 12:50:21', '2023-03-03 12:50:21'),
(295, '\"walkin\"', '[3]', '2023-03-03', '2023-03-03', 297, 312, 'approved', NULL, '2023-03-03 12:50:21', '2023-03-03 12:50:21'),
(296, '\"walkin\"', '[3]', '2023-03-03', '2023-03-03', 298, 313, 'approved', NULL, '2023-03-03 12:50:21', '2023-03-03 12:50:21'),
(297, '\"walkin\"', '[3]', '2023-03-03', '2023-03-03', 299, 314, 'approved', NULL, '2023-03-03 12:50:21', '2023-03-03 12:50:21'),
(298, '\"walkin\"', '[3]', '2023-03-03', '2023-03-03', 300, 315, 'approved', NULL, '2023-03-03 12:50:21', '2023-03-03 12:50:21'),
(299, '\"walkin\"', '[3]', '2023-03-03', '2023-03-03', 301, 316, 'approved', NULL, '2023-03-03 12:50:21', '2023-03-03 12:50:21'),
(300, '\"walkin\"', '[3]', '2023-03-03', '2023-03-03', 302, 317, 'approved', NULL, '2023-03-03 12:50:21', '2023-03-03 12:50:21'),
(301, '\"walkin\"', '[3]', '2023-03-03', '2023-03-03', 303, 318, 'approved', NULL, '2023-03-03 12:50:21', '2023-03-03 12:50:21'),
(302, '\"walkin\"', '[3]', '2023-03-03', '2023-03-03', 304, 319, 'approved', NULL, '2023-03-03 12:50:21', '2023-03-03 12:50:21'),
(303, '\"walkin\"', '[3]', '2023-03-03', '2023-03-03', 305, 320, 'approved', NULL, '2023-03-03 12:50:21', '2023-03-03 12:50:21'),
(304, '\"walkin\"', '[3]', '2023-03-03', '2023-03-03', 306, 321, 'approved', NULL, '2023-03-03 12:50:21', '2023-03-03 12:50:21'),
(305, '\"walkin\"', '[3]', '2023-03-03', '2023-03-03', 307, 322, 'approved', NULL, '2023-03-03 12:50:21', '2023-03-03 12:50:21'),
(306, '\"walkin\"', '[3]', '2023-03-03', '2023-03-03', 308, 323, 'approved', NULL, '2023-03-03 12:50:21', '2023-03-03 12:50:21'),
(307, '\"walkin\"', '[3]', '2023-03-03', '2023-03-03', 309, 324, 'approved', NULL, '2023-03-03 12:50:21', '2023-03-03 12:50:21'),
(308, '\"walkin\"', '[3]', '2023-03-03', '2023-03-03', 310, 325, 'approved', NULL, '2023-03-03 12:50:21', '2023-03-03 12:50:21'),
(309, '\"walkin\"', '[3]', '2023-03-03', '2023-03-03', 311, 326, 'approved', NULL, '2023-03-03 12:50:21', '2023-03-03 12:50:21'),
(310, '\"walkin\"', '[3]', '2023-03-03', '2023-03-03', 312, 327, 'approved', NULL, '2023-03-03 12:50:21', '2023-03-03 12:50:21'),
(311, '\"walkin\"', '[3]', '2023-03-03', '2023-03-03', 313, 328, 'approved', NULL, '2023-03-03 12:50:21', '2023-03-03 12:50:21'),
(312, '\"walkin\"', '[3]', '2023-03-03', '2023-03-03', 314, 329, 'approved', NULL, '2023-03-03 12:50:21', '2023-03-03 12:50:21'),
(313, '\"walkin\"', '[3]', '2023-03-03', '2023-03-03', 315, 330, 'approved', NULL, '2023-03-03 12:50:21', '2023-03-03 12:50:21'),
(314, '\"walkin\"', '[3]', '2023-03-03', '2023-03-03', 316, 331, 'approved', NULL, '2023-03-03 12:50:21', '2023-03-03 12:50:21'),
(315, '\"walkin\"', '[3]', '2023-03-03', '2023-03-03', 317, 332, 'approved', NULL, '2023-03-03 12:50:21', '2023-03-03 12:50:21'),
(316, '\"walkin\"', '[3]', '2023-03-03', '2023-03-03', 318, 333, 'approved', NULL, '2023-03-03 12:50:21', '2023-03-03 12:50:21'),
(317, '\"walkin\"', '[3]', '2023-03-03', '2023-03-03', 319, 334, 'approved', NULL, '2023-03-03 12:50:21', '2023-03-03 12:50:21'),
(318, '\"walkin\"', '[3]', '2023-03-16', '2023-03-16', 320, 335, 'approved', NULL, '2023-03-16 10:41:53', '2023-03-16 10:41:53'),
(319, '\"walkin\"', '[3]', '2023-03-16', '2023-03-16', 321, 336, 'approved', NULL, '2023-03-16 10:41:53', '2023-03-16 10:41:53'),
(320, '\"walkin\"', '[3]', '2023-03-16', '2023-03-16', 322, 337, 'approved', NULL, '2023-03-16 10:41:53', '2023-03-16 10:41:53'),
(321, '\"walkin\"', '[3]', '2023-03-16', '2023-03-16', 323, 338, 'approved', NULL, '2023-03-16 10:41:53', '2023-03-16 10:41:53'),
(322, '\"walkin\"', '[3]', '2023-03-16', '2023-03-16', 324, 339, 'approved', NULL, '2023-03-16 10:41:53', '2023-03-16 10:41:53'),
(323, '\"walkin\"', '[3]', '2023-03-16', '2023-03-16', 325, 340, 'approved', NULL, '2023-03-16 10:41:53', '2023-03-16 10:41:53'),
(324, '\"walkin\"', '[3]', '2023-03-16', '2023-03-16', 326, 341, 'approved', NULL, '2023-03-16 10:41:53', '2023-03-16 10:41:53'),
(325, '\"walkin\"', '[3]', '2023-03-16', '2023-03-16', 327, 342, 'approved', NULL, '2023-03-16 10:41:53', '2023-03-16 10:41:53'),
(326, '\"walkin\"', '[3]', '2023-03-16', '2023-03-16', 328, 343, 'approved', NULL, '2023-03-16 10:41:53', '2023-03-16 10:41:53'),
(327, '\"walkin\"', '[3]', '2023-03-16', '2023-03-16', 329, 344, 'approved', NULL, '2023-03-16 10:41:53', '2023-03-16 10:41:53'),
(328, '\"walkin\"', '[3]', '2023-03-16', '2023-03-16', 330, 345, 'approved', NULL, '2023-03-16 10:41:53', '2023-03-16 10:41:53'),
(329, '\"walkin\"', '[3]', '2023-03-16', '2023-03-16', 331, 346, 'approved', NULL, '2023-03-16 10:41:53', '2023-03-16 10:41:53'),
(330, '\"walkin\"', '[3]', '2023-03-16', '2023-03-16', 332, 347, 'approved', NULL, '2023-03-16 10:41:53', '2023-03-16 10:41:53'),
(331, '\"walkin\"', '[3]', '2023-03-16', '2023-03-16', 333, 348, 'approved', NULL, '2023-03-16 10:41:53', '2023-03-16 10:41:53'),
(332, '\"walkin\"', '[3]', '2023-03-16', '2023-03-16', 334, 349, 'approved', NULL, '2023-03-16 10:41:53', '2023-03-16 10:41:53'),
(333, '\"walkin\"', '[3]', '2023-03-16', '2023-03-16', 335, 350, 'approved', NULL, '2023-03-16 10:41:53', '2023-03-16 10:41:53'),
(334, '\"walkin\"', '[3]', '2023-03-16', '2023-03-16', 336, 351, 'approved', NULL, '2023-03-16 10:41:53', '2023-03-16 10:41:53'),
(335, '\"walkin\"', '[3]', '2023-03-16', '2023-03-16', 337, 352, 'approved', NULL, '2023-03-16 10:41:53', '2023-03-16 10:41:53'),
(336, '\"walkin\"', '[3]', '2023-03-16', '2023-03-16', 338, 353, 'approved', NULL, '2023-03-16 10:41:54', '2023-03-16 10:41:54'),
(337, '\"walkin\"', '[3]', '2023-03-16', '2023-03-16', 339, 354, 'approved', NULL, '2023-03-16 10:41:54', '2023-03-16 10:41:54'),
(338, '\"walkin\"', '[3]', '2023-03-16', '2023-03-16', 340, 355, 'approved', NULL, '2023-03-16 10:41:54', '2023-03-16 10:41:54'),
(339, '\"walkin\"', '[3]', '2023-03-16', '2023-03-16', 341, 356, 'approved', NULL, '2023-03-16 10:41:54', '2023-03-16 10:41:54'),
(340, '\"walkin\"', '[3]', '2023-03-16', '2023-03-16', 342, 357, 'approved', NULL, '2023-03-16 10:41:54', '2023-03-16 10:41:54'),
(341, '\"walkin\"', '[3]', '2023-03-16', '2023-03-16', 343, 358, 'approved', NULL, '2023-03-16 10:41:54', '2023-03-16 10:41:54'),
(342, '\"walkin\"', '[3]', '2023-03-16', '2023-03-16', 344, 359, 'approved', NULL, '2023-03-16 10:41:54', '2023-03-16 10:41:54'),
(343, '\"walkin\"', '[3]', '2023-03-16', '2023-03-16', 345, 360, 'approved', NULL, '2023-03-16 10:41:54', '2023-03-16 10:41:54'),
(344, '\"walkin\"', '[3]', '2023-03-16', '2023-03-16', 346, 361, 'approved', NULL, '2023-03-16 10:41:54', '2023-03-16 10:41:54'),
(345, '\"walkin\"', '[3]', '2023-03-16', '2023-03-16', 347, 362, 'approved', NULL, '2023-03-16 10:41:54', '2023-03-16 10:41:54'),
(346, '\"walkin\"', '[3]', '2023-03-16', '2023-03-16', 348, 363, 'approved', NULL, '2023-03-16 10:41:54', '2023-03-16 10:41:54'),
(347, '\"walkin\"', '[3]', '2023-03-16', '2023-03-16', 349, 364, 'approved', NULL, '2023-03-16 10:41:54', '2023-03-16 10:41:54'),
(348, '\"walkin\"', '[3]', '2023-03-16', '2023-03-16', 350, 365, 'approved', NULL, '2023-03-16 10:41:54', '2023-03-16 10:41:54'),
(349, '\"walkin\"', '[3]', '2023-03-16', '2023-03-16', 351, 366, 'approved', NULL, '2023-03-16 10:41:54', '2023-03-16 10:41:54'),
(350, '\"walkin\"', '[3]', '2023-03-16', '2023-03-16', 352, 367, 'approved', NULL, '2023-03-16 10:41:54', '2023-03-16 10:41:54'),
(351, '\"walkin\"', '[3]', '2023-03-16', '2023-03-16', 353, 368, 'approved', NULL, '2023-03-16 10:41:54', '2023-03-16 10:41:54'),
(352, '\"walkin\"', '[3]', '2023-03-16', '2023-03-16', 354, 369, 'approved', NULL, '2023-03-16 10:41:54', '2023-03-16 10:41:54'),
(353, '\"walkin\"', '[3]', '2023-03-16', '2023-03-16', 355, 370, 'approved', NULL, '2023-03-16 10:41:54', '2023-03-16 10:41:54'),
(354, '\"walkin\"', '[3]', '2023-03-16', '2023-03-16', 356, 371, 'approved', NULL, '2023-03-16 10:41:54', '2023-03-16 10:41:54'),
(355, '\"walkin\"', '[3]', '2023-03-16', '2023-03-16', 357, 372, 'approved', NULL, '2023-03-16 10:41:54', '2023-03-16 10:41:54'),
(356, '\"walkin\"', '[3]', '2023-03-16', '2023-03-16', 358, 373, 'approved', NULL, '2023-03-16 10:41:54', '2023-03-16 10:41:54'),
(357, '\"walkin\"', '[3]', '2023-03-16', '2023-03-16', 359, 374, 'approved', NULL, '2023-03-16 10:41:54', '2023-03-16 10:41:54'),
(358, '\"walkin\"', '[3]', '2023-03-16', '2023-03-16', 360, 375, 'approved', NULL, '2023-03-16 10:41:54', '2023-03-16 10:41:54'),
(359, '\"walkin\"', '[3]', '2023-03-16', '2023-03-16', 361, 376, 'approved', NULL, '2023-03-16 10:41:54', '2023-03-16 10:41:54'),
(360, '\"walkin\"', '[3]', '2023-03-16', '2023-03-16', 362, 377, 'approved', NULL, '2023-03-16 10:41:54', '2023-03-16 10:41:54'),
(361, '\"walkin\"', '[3]', '2023-03-16', '2023-03-16', 363, 378, 'approved', NULL, '2023-03-16 10:41:54', '2023-03-16 10:41:54'),
(362, '\"walkin\"', '[3]', '2023-03-16', '2023-03-16', 364, 379, 'approved', NULL, '2023-03-16 10:41:54', '2023-03-16 10:41:54'),
(363, '\"walkin\"', '[3]', '2023-03-16', '2023-03-16', 365, 380, 'approved', NULL, '2023-03-16 10:41:54', '2023-03-16 10:41:54'),
(364, '\"walkin\"', '[3]', '2023-03-16', '2023-03-16', 366, 381, 'approved', NULL, '2023-03-16 10:41:54', '2023-03-16 10:41:54'),
(365, '\"walkin\"', '[3]', '2023-03-16', '2023-03-16', 367, 382, 'approved', NULL, '2023-03-16 10:41:54', '2023-03-16 10:41:54'),
(366, '\"walkin\"', '[3]', '2023-03-16', '2023-03-16', 368, 383, 'approved', NULL, '2023-03-16 10:41:54', '2023-03-16 10:41:54'),
(367, '\"walkin\"', '[3]', '2023-03-16', '2023-03-16', 369, 384, 'approved', NULL, '2023-03-16 10:41:54', '2023-03-16 10:41:54'),
(368, '\"walkin\"', '[3]', '2023-03-16', '2023-03-16', 370, 385, 'approved', NULL, '2023-03-16 10:41:54', '2023-03-16 10:41:54'),
(369, '\"walkin\"', '[3]', '2023-03-16', '2023-03-16', 371, 386, 'approved', NULL, '2023-03-16 10:41:54', '2023-03-16 10:41:54'),
(370, '\"walkin\"', '[3]', '2023-03-16', '2023-03-16', 372, 387, 'approved', NULL, '2023-03-16 10:41:54', '2023-03-16 10:41:54'),
(371, '\"walkin\"', '[3]', '2023-03-16', '2023-03-16', 373, 388, 'approved', NULL, '2023-03-16 10:41:54', '2023-03-16 10:41:54'),
(372, '\"walkin\"', '[3]', '2023-03-16', '2023-03-16', 374, 389, 'approved', NULL, '2023-03-16 10:41:54', '2023-03-16 10:41:54'),
(373, '\"walkin\"', '[3]', '2023-03-16', '2023-03-16', 375, 390, 'approved', NULL, '2023-03-16 10:41:54', '2023-03-16 10:41:54'),
(374, '\"walkin\"', '[3]', '2023-03-16', '2023-03-16', 376, 391, 'approved', NULL, '2023-03-16 10:41:54', '2023-03-16 10:41:54'),
(375, '\"walkin\"', '[3]', '2023-03-16', '2023-03-16', 377, 392, 'approved', NULL, '2023-03-16 10:41:54', '2023-03-16 10:41:54'),
(376, '\"walkin\"', '[3]', '2023-03-16', '2023-03-16', 378, 393, 'approved', NULL, '2023-03-16 10:41:54', '2023-03-16 10:41:54'),
(377, '\"walkin\"', '[3]', '2023-03-16', '2023-03-16', 379, 394, 'approved', NULL, '2023-03-16 10:41:54', '2023-03-16 10:41:54'),
(378, '\"walkin\"', '[3]', '2023-03-16', '2023-03-16', 380, 395, 'approved', NULL, '2023-03-16 10:41:54', '2023-03-16 10:41:54'),
(379, '\"walkin\"', '[3]', '2023-03-16', '2023-03-16', 381, 396, 'approved', NULL, '2023-03-16 10:41:54', '2023-03-16 10:41:54'),
(380, '\"walkin\"', '[3]', '2023-03-16', '2023-03-16', 382, 397, 'approved', NULL, '2023-03-16 10:41:54', '2023-03-16 10:41:54'),
(381, '\"walkin\"', '[3]', '2023-03-16', '2023-03-16', 383, 398, 'approved', NULL, '2023-03-16 10:41:54', '2023-03-16 10:41:54'),
(382, '\"walkin\"', '[3]', '2023-03-16', '2023-03-16', 384, 399, 'approved', NULL, '2023-03-16 10:41:54', '2023-03-16 10:41:54'),
(383, '\"walkin\"', '[3]', '2023-03-16', '2023-03-16', 385, 400, 'approved', NULL, '2023-03-16 10:41:54', '2023-03-16 10:41:54'),
(384, '\"walkin\"', '[3]', '2023-03-16', '2023-03-16', 386, 401, 'approved', NULL, '2023-03-16 10:41:54', '2023-03-16 10:41:54'),
(385, '\"walkin\"', '[3]', '2023-03-16', '2023-03-16', 387, 402, 'approved', NULL, '2023-03-16 10:41:54', '2023-03-16 10:41:54'),
(386, '\"walkin\"', '[3]', '2023-03-16', '2023-03-16', 388, 403, 'approved', NULL, '2023-03-16 10:41:54', '2023-03-16 10:41:54'),
(387, '\"walkin\"', '[3]', '2023-03-16', '2023-03-16', 389, 404, 'approved', NULL, '2023-03-16 10:41:54', '2023-03-16 10:41:54'),
(388, '\"walkin\"', '[3]', '2023-03-16', '2023-03-16', 390, 405, 'approved', NULL, '2023-03-16 10:41:54', '2023-03-16 10:41:54'),
(389, '\"walkin\"', '[3]', '2023-03-16', '2023-03-16', 391, 406, 'approved', NULL, '2023-03-16 10:41:54', '2023-03-16 10:41:54'),
(390, '\"walkin\"', '[3]', '2023-03-16', '2023-03-16', 392, 407, 'approved', NULL, '2023-03-16 10:41:54', '2023-03-16 10:41:54'),
(391, '\"walkin\"', '[3]', '2023-03-16', '2023-03-16', 393, 408, 'approved', NULL, '2023-03-16 10:41:54', '2023-03-16 10:41:54'),
(392, '\"walkin\"', '[3]', '2023-03-16', '2023-03-16', 394, 409, 'approved', NULL, '2023-03-16 10:41:54', '2023-03-16 10:41:54'),
(393, '\"walkin\"', '[3]', '2023-03-16', '2023-03-16', 395, 410, 'approved', NULL, '2023-03-16 10:41:54', '2023-03-16 10:41:54'),
(394, '\"walkin\"', '[3]', '2023-03-16', '2023-03-16', 396, 411, 'approved', NULL, '2023-03-16 10:41:54', '2023-03-16 10:41:54'),
(395, '\"walkin\"', '[3]', '2023-03-16', '2023-03-16', 397, 412, 'approved', NULL, '2023-03-16 10:41:54', '2023-03-16 10:41:54'),
(396, '\"walkin\"', '[3]', '2023-03-16', '2023-03-16', 398, 413, 'approved', NULL, '2023-03-16 10:41:54', '2023-03-16 10:41:54'),
(397, '\"walkin\"', '[3]', '2023-03-16', '2023-03-16', 399, 414, 'approved', NULL, '2023-03-16 10:41:54', '2023-03-16 10:41:54'),
(398, '\"walkin\"', '[3]', '2023-03-16', '2023-03-16', 400, 415, 'approved', NULL, '2023-03-16 10:41:54', '2023-03-16 10:41:54'),
(399, '\"walkin\"', '[3]', '2023-03-16', '2023-03-16', 401, 416, 'approved', NULL, '2023-03-16 10:41:54', '2023-03-16 10:41:54'),
(400, '\"walkin\"', '[3]', '2023-03-16', '2023-03-16', 402, 417, 'approved', NULL, '2023-03-16 10:41:54', '2023-03-16 10:41:54'),
(401, '\"walkin\"', '[3]', '2023-03-16', '2023-03-16', 403, 418, 'approved', NULL, '2023-03-16 10:41:54', '2023-03-16 10:41:54'),
(402, '\"walkin\"', '[3]', '2023-03-16', '2023-03-16', 404, 419, 'approved', NULL, '2023-03-16 10:41:54', '2023-03-16 10:41:54'),
(403, '\"walkin\"', '[3]', '2023-03-16', '2023-03-16', 405, 420, 'approved', NULL, '2023-03-16 10:41:54', '2023-03-16 10:41:54'),
(404, '\"walkin\"', '[3]', '2023-03-16', '2023-03-16', 406, 421, 'approved', NULL, '2023-03-16 10:41:54', '2023-03-16 10:41:54'),
(405, '\"walkin\"', '[3]', '2023-03-16', '2023-03-16', 407, 422, 'approved', NULL, '2023-03-16 10:41:54', '2023-03-16 10:41:54'),
(406, '\"walkin\"', '[3]', '2023-03-16', '2023-03-16', 408, 423, 'approved', NULL, '2023-03-16 10:41:54', '2023-03-16 10:41:54'),
(407, '\"walkin\"', '[3]', '2023-03-16', '2023-03-16', 409, 424, 'approved', NULL, '2023-03-16 10:41:54', '2023-03-16 10:41:54'),
(408, '\"walkin\"', '[3]', '2023-03-16', '2023-03-16', 410, 425, 'approved', NULL, '2023-03-16 10:41:54', '2023-03-16 10:41:54'),
(409, '\"walkin\"', '[3]', '2023-03-16', '2023-03-16', 411, 426, 'approved', NULL, '2023-03-16 10:41:54', '2023-03-16 10:41:54'),
(410, '\"walkin\"', '[3]', '2023-03-16', '2023-03-16', 412, 427, 'approved', NULL, '2023-03-16 10:41:54', '2023-03-16 10:41:54'),
(411, '\"walkin\"', '[3]', '2023-03-16', '2023-03-16', 413, 428, 'approved', NULL, '2023-03-16 10:41:54', '2023-03-16 10:41:54'),
(412, '\"walkin\"', '[3]', '2023-03-16', '2023-03-16', 414, 429, 'approved', NULL, '2023-03-16 10:41:54', '2023-03-16 10:41:54'),
(413, '\"walkin\"', '[3]', '2023-03-16', '2023-03-16', 415, 430, 'approved', NULL, '2023-03-16 10:41:54', '2023-03-16 10:41:54'),
(414, '\"walkin\"', '[3]', '2023-03-16', '2023-03-16', 416, 431, 'approved', NULL, '2023-03-16 10:41:54', '2023-03-16 10:41:54'),
(415, '\"walkin\"', '[3]', '2023-03-16', '2023-03-16', 417, 432, 'approved', NULL, '2023-03-16 10:41:54', '2023-03-16 10:41:54'),
(416, '\"walkin\"', '[3]', '2023-03-16', '2023-03-16', 418, 433, 'approved', NULL, '2023-03-16 10:41:54', '2023-03-16 10:41:54'),
(417, '\"walkin\"', '[3]', '2023-03-16', '2023-03-16', 419, 434, 'approved', NULL, '2023-03-16 10:41:54', '2023-03-16 10:41:54'),
(418, '\"walkin\"', '[3]', '2023-03-18', '2023-03-18', 420, 435, 'approved', NULL, '2023-03-16 10:49:51', '2023-03-16 10:49:51'),
(419, '\"walkin\"', '[3]', '2023-03-18', '2023-03-18', 421, 436, 'approved', NULL, '2023-03-16 10:49:51', '2023-03-16 10:49:51'),
(420, '\"walkin\"', '[3]', '2023-03-18', '2023-03-18', 422, 437, 'approved', NULL, '2023-03-16 10:49:51', '2023-03-16 10:49:51'),
(421, '\"walkin\"', '[3]', '2023-03-18', '2023-03-18', 423, 438, 'approved', NULL, '2023-03-16 10:49:51', '2023-03-16 10:49:51'),
(422, '\"walkin\"', '[3]', '2023-03-18', '2023-03-18', 424, 439, 'approved', NULL, '2023-03-16 10:49:51', '2023-03-16 10:49:51'),
(423, '\"walkin\"', '[3]', '2023-03-18', '2023-03-18', 425, 440, 'approved', NULL, '2023-03-16 10:49:51', '2023-03-16 10:49:51'),
(424, '\"walkin\"', '[3]', '2023-03-18', '2023-03-18', 426, 441, 'approved', NULL, '2023-03-16 10:49:51', '2023-03-16 10:49:51'),
(425, '\"walkin\"', '[3]', '2023-03-18', '2023-03-18', 427, 442, 'approved', NULL, '2023-03-16 10:49:51', '2023-03-16 10:49:51'),
(426, '\"walkin\"', '[3]', '2023-03-18', '2023-03-18', 428, 443, 'approved', NULL, '2023-03-16 10:49:51', '2023-03-16 10:49:51'),
(427, '\"walkin\"', '[3]', '2023-03-18', '2023-03-18', 429, 444, 'approved', NULL, '2023-03-16 10:49:51', '2023-03-16 10:49:51'),
(428, '\"walkin\"', '[3]', '2023-03-18', '2023-03-18', 430, 445, 'approved', NULL, '2023-03-16 10:49:51', '2023-03-16 10:49:51'),
(429, '\"walkin\"', '[3]', '2023-03-18', '2023-03-18', 431, 446, 'approved', NULL, '2023-03-16 10:49:51', '2023-03-16 10:49:51'),
(430, '\"walkin\"', '[3]', '2023-03-18', '2023-03-18', 432, 447, 'approved', NULL, '2023-03-16 10:49:51', '2023-03-16 10:49:51'),
(431, '\"walkin\"', '[3]', '2023-03-18', '2023-03-18', 433, 448, 'approved', NULL, '2023-03-16 10:49:51', '2023-03-16 10:49:51'),
(432, '\"walkin\"', '[3]', '2023-03-18', '2023-03-18', 434, 449, 'approved', NULL, '2023-03-16 10:49:51', '2023-03-16 10:49:51'),
(433, '\"walkin\"', '[3]', '2023-03-18', '2023-03-18', 435, 450, 'approved', NULL, '2023-03-16 10:49:51', '2023-03-16 10:49:51'),
(434, '\"walkin\"', '[3]', '2023-03-18', '2023-03-18', 436, 451, 'approved', NULL, '2023-03-16 10:49:51', '2023-03-16 10:49:51'),
(435, '\"walkin\"', '[3]', '2023-03-18', '2023-03-18', 437, 452, 'approved', NULL, '2023-03-16 10:49:51', '2023-03-16 10:49:51'),
(436, '\"walkin\"', '[3]', '2023-03-18', '2023-03-18', 438, 453, 'approved', NULL, '2023-03-16 10:49:51', '2023-03-16 10:49:51'),
(437, '\"walkin\"', '[3]', '2023-03-18', '2023-03-18', 439, 454, 'approved', NULL, '2023-03-16 10:49:51', '2023-03-16 10:49:51'),
(438, '\"walkin\"', '[3]', '2023-03-18', '2023-03-18', 440, 455, 'approved', NULL, '2023-03-16 10:49:51', '2023-03-16 10:49:51'),
(439, '\"walkin\"', '[3]', '2023-03-18', '2023-03-18', 441, 456, 'approved', NULL, '2023-03-16 10:49:51', '2023-03-16 10:49:51'),
(440, '\"walkin\"', '[3]', '2023-03-18', '2023-03-18', 442, 457, 'approved', NULL, '2023-03-16 10:49:51', '2023-03-16 10:49:51'),
(441, '\"walkin\"', '[3]', '2023-03-18', '2023-03-18', 443, 458, 'approved', NULL, '2023-03-16 10:49:51', '2023-03-16 10:49:51'),
(442, '\"walkin\"', '[3]', '2023-03-18', '2023-03-18', 444, 459, 'approved', NULL, '2023-03-16 10:49:51', '2023-03-16 10:49:51'),
(443, '\"walkin\"', '[3]', '2023-03-18', '2023-03-18', 445, 460, 'approved', NULL, '2023-03-16 10:49:51', '2023-03-16 10:49:51'),
(444, '\"walkin\"', '[3]', '2023-03-18', '2023-03-18', 446, 461, 'approved', NULL, '2023-03-16 10:49:51', '2023-03-16 10:49:51'),
(445, '\"walkin\"', '[3]', '2023-03-18', '2023-03-18', 447, 462, 'approved', NULL, '2023-03-16 10:49:51', '2023-03-16 10:49:51'),
(446, '\"walkin\"', '[3]', '2023-03-18', '2023-03-18', 448, 463, 'approved', NULL, '2023-03-16 10:49:51', '2023-03-16 10:49:51'),
(447, '\"walkin\"', '[3]', '2023-03-18', '2023-03-18', 449, 464, 'approved', NULL, '2023-03-16 10:49:51', '2023-03-16 10:49:51'),
(448, '\"walkin\"', '[3]', '2023-03-18', '2023-03-18', 450, 465, 'approved', NULL, '2023-03-16 10:49:51', '2023-03-16 10:49:51'),
(449, '\"walkin\"', '[3]', '2023-03-18', '2023-03-18', 451, 466, 'approved', NULL, '2023-03-16 10:49:51', '2023-03-16 10:49:51'),
(450, '\"walkin\"', '[3]', '2023-03-18', '2023-03-18', 452, 467, 'approved', NULL, '2023-03-16 10:49:51', '2023-03-16 10:49:51'),
(451, '\"walkin\"', '[3]', '2023-03-18', '2023-03-18', 453, 468, 'approved', NULL, '2023-03-16 10:49:51', '2023-03-16 10:49:51'),
(452, '\"walkin\"', '[3]', '2023-03-18', '2023-03-18', 454, 469, 'approved', NULL, '2023-03-16 10:49:51', '2023-03-16 10:49:51'),
(453, '\"walkin\"', '[3]', '2023-03-18', '2023-03-18', 455, 470, 'approved', NULL, '2023-03-16 10:49:51', '2023-03-16 10:49:51'),
(454, '\"walkin\"', '[3]', '2023-03-18', '2023-03-18', 456, 471, 'approved', NULL, '2023-03-16 10:49:51', '2023-03-16 10:49:51'),
(455, '\"walkin\"', '[3]', '2023-03-18', '2023-03-18', 457, 472, 'approved', NULL, '2023-03-16 10:49:51', '2023-03-16 10:49:51'),
(456, '\"walkin\"', '[3]', '2023-03-18', '2023-03-18', 458, 473, 'approved', NULL, '2023-03-16 10:49:51', '2023-03-16 10:49:51'),
(457, '\"walkin\"', '[3]', '2023-03-18', '2023-03-18', 459, 474, 'approved', NULL, '2023-03-16 10:49:51', '2023-03-16 10:49:51'),
(458, '\"walkin\"', '[3]', '2023-03-18', '2023-03-18', 460, 475, 'approved', NULL, '2023-03-16 10:49:51', '2023-03-16 10:49:51'),
(459, '\"walkin\"', '[3]', '2023-03-18', '2023-03-18', 461, 476, 'approved', NULL, '2023-03-16 10:49:51', '2023-03-16 10:49:51'),
(460, '\"walkin\"', '[3]', '2023-03-18', '2023-03-18', 462, 477, 'approved', NULL, '2023-03-16 10:49:51', '2023-03-16 10:49:51'),
(461, '\"walkin\"', '[3]', '2023-03-18', '2023-03-18', 463, 478, 'approved', NULL, '2023-03-16 10:49:51', '2023-03-16 10:49:51'),
(462, '\"walkin\"', '[3]', '2023-03-18', '2023-03-18', 464, 479, 'approved', NULL, '2023-03-16 10:49:51', '2023-03-16 10:49:51'),
(463, '\"walkin\"', '[3]', '2023-03-18', '2023-03-18', 465, 480, 'approved', NULL, '2023-03-16 10:49:51', '2023-03-16 10:49:51'),
(464, '\"walkin\"', '[3]', '2023-03-18', '2023-03-18', 466, 481, 'approved', NULL, '2023-03-16 10:49:51', '2023-03-16 10:49:51'),
(465, '\"walkin\"', '[3]', '2023-03-18', '2023-03-18', 467, 482, 'approved', NULL, '2023-03-16 10:49:51', '2023-03-16 10:49:51'),
(466, '\"walkin\"', '[3]', '2023-03-18', '2023-03-18', 468, 483, 'approved', NULL, '2023-03-16 10:49:51', '2023-03-16 10:49:51'),
(467, '\"walkin\"', '[3]', '2023-03-18', '2023-03-18', 469, 484, 'approved', NULL, '2023-03-16 10:49:51', '2023-03-16 10:49:51'),
(468, '\"walkin\"', '[3]', '2023-03-18', '2023-03-18', 470, 485, 'approved', NULL, '2023-03-16 10:49:51', '2023-03-16 10:49:51'),
(469, '\"walkin\"', '[3]', '2023-03-18', '2023-03-18', 471, 486, 'approved', NULL, '2023-03-16 10:49:51', '2023-03-16 10:49:51'),
(470, '\"walkin\"', '[3]', '2023-03-18', '2023-03-18', 472, 487, 'approved', NULL, '2023-03-16 10:49:51', '2023-03-16 10:49:51'),
(471, '\"walkin\"', '[3]', '2023-03-18', '2023-03-18', 473, 488, 'approved', NULL, '2023-03-16 10:49:51', '2023-03-16 10:49:51'),
(472, '\"walkin\"', '[3]', '2023-03-18', '2023-03-18', 474, 489, 'approved', NULL, '2023-03-16 10:49:51', '2023-03-16 10:49:51'),
(473, '\"walkin\"', '[3]', '2023-03-18', '2023-03-18', 475, 490, 'approved', NULL, '2023-03-16 10:49:51', '2023-03-16 10:49:51'),
(474, '\"walkin\"', '[3]', '2023-03-18', '2023-03-18', 476, 491, 'approved', NULL, '2023-03-16 10:49:51', '2023-03-16 10:49:51'),
(475, '\"walkin\"', '[3]', '2023-03-18', '2023-03-18', 477, 492, 'approved', NULL, '2023-03-16 10:49:51', '2023-03-16 10:49:51'),
(476, '\"walkin\"', '[3]', '2023-03-18', '2023-03-18', 478, 493, 'approved', NULL, '2023-03-16 10:49:51', '2023-03-16 10:49:51'),
(477, '\"walkin\"', '[3]', '2023-03-18', '2023-03-18', 479, 494, 'approved', NULL, '2023-03-16 10:49:51', '2023-03-16 10:49:51'),
(478, '\"walkin\"', '[3]', '2023-03-18', '2023-03-18', 480, 495, 'approved', NULL, '2023-03-16 10:49:51', '2023-03-16 10:49:51'),
(479, '\"walkin\"', '[3]', '2023-03-18', '2023-03-18', 481, 496, 'approved', NULL, '2023-03-16 10:49:51', '2023-03-16 10:49:51'),
(480, '\"walkin\"', '[3]', '2023-03-18', '2023-03-18', 482, 497, 'approved', NULL, '2023-03-16 10:49:51', '2023-03-16 10:49:51'),
(481, '\"walkin\"', '[3]', '2023-03-18', '2023-03-18', 483, 498, 'approved', NULL, '2023-03-16 10:49:51', '2023-03-16 10:49:51'),
(482, '\"walkin\"', '[3]', '2023-03-18', '2023-03-18', 484, 499, 'approved', NULL, '2023-03-16 10:49:51', '2023-03-16 10:49:51'),
(483, '\"walkin\"', '[3]', '2023-03-18', '2023-03-18', 485, 500, 'approved', NULL, '2023-03-16 10:49:51', '2023-03-16 10:49:51'),
(484, '\"walkin\"', '[3]', '2023-03-18', '2023-03-18', 486, 501, 'approved', NULL, '2023-03-16 10:49:51', '2023-03-16 10:49:51'),
(485, '\"walkin\"', '[3]', '2023-03-18', '2023-03-18', 487, 502, 'approved', NULL, '2023-03-16 10:49:51', '2023-03-16 10:49:51'),
(486, '\"walkin\"', '[3]', '2023-03-18', '2023-03-18', 488, 503, 'approved', NULL, '2023-03-16 10:49:51', '2023-03-16 10:49:51'),
(487, '\"walkin\"', '[3]', '2023-03-18', '2023-03-18', 489, 504, 'approved', NULL, '2023-03-16 10:49:51', '2023-03-16 10:49:51'),
(488, '\"walkin\"', '[3]', '2023-03-18', '2023-03-18', 490, 505, 'approved', NULL, '2023-03-16 10:49:51', '2023-03-16 10:49:51'),
(489, '\"walkin\"', '[3]', '2023-03-18', '2023-03-18', 491, 506, 'approved', NULL, '2023-03-16 10:49:51', '2023-03-16 10:49:51'),
(490, '\"walkin\"', '[3]', '2023-03-18', '2023-03-18', 492, 507, 'approved', NULL, '2023-03-16 10:49:51', '2023-03-16 10:49:51'),
(491, '\"walkin\"', '[3]', '2023-03-18', '2023-03-18', 493, 508, 'approved', NULL, '2023-03-16 10:49:51', '2023-03-16 10:49:51'),
(492, '\"walkin\"', '[3]', '2023-03-18', '2023-03-18', 494, 509, 'approved', NULL, '2023-03-16 10:49:51', '2023-03-16 10:49:51'),
(493, '\"walkin\"', '[3]', '2023-03-18', '2023-03-18', 495, 510, 'approved', NULL, '2023-03-16 10:49:51', '2023-03-16 10:49:51'),
(494, '\"walkin\"', '[3]', '2023-03-18', '2023-03-18', 496, 511, 'approved', NULL, '2023-03-16 10:49:51', '2023-03-16 10:49:51'),
(495, '\"walkin\"', '[3]', '2023-03-18', '2023-03-18', 497, 512, 'approved', NULL, '2023-03-16 10:49:51', '2023-03-16 10:49:51'),
(496, '\"walkin\"', '[3]', '2023-03-18', '2023-03-18', 498, 513, 'approved', NULL, '2023-03-16 10:49:51', '2023-03-16 10:49:51'),
(497, '\"walkin\"', '[3]', '2023-03-18', '2023-03-18', 499, 514, 'approved', NULL, '2023-03-16 10:49:51', '2023-03-16 10:49:51'),
(498, '\"walkin\"', '[3]', '2023-03-18', '2023-03-18', 500, 515, 'approved', NULL, '2023-03-16 10:49:51', '2023-03-16 10:49:51'),
(499, '\"walkin\"', '[3]', '2023-03-18', '2023-03-18', 501, 516, 'approved', NULL, '2023-03-16 10:49:51', '2023-03-16 10:49:51'),
(500, '\"walkin\"', '[3]', '2023-03-18', '2023-03-18', 502, 517, 'approved', NULL, '2023-03-16 10:49:51', '2023-03-16 10:49:51'),
(501, '\"walkin\"', '[3]', '2023-03-18', '2023-03-18', 503, 518, 'approved', NULL, '2023-03-16 10:49:51', '2023-03-16 10:49:51'),
(502, '\"walkin\"', '[3]', '2023-03-18', '2023-03-18', 504, 519, 'approved', NULL, '2023-03-16 10:49:51', '2023-03-16 10:49:51'),
(503, '\"walkin\"', '[3]', '2023-03-18', '2023-03-18', 505, 520, 'approved', NULL, '2023-03-16 10:49:51', '2023-03-16 10:49:51'),
(504, '\"walkin\"', '[3]', '2023-03-18', '2023-03-18', 506, 521, 'approved', NULL, '2023-03-16 10:49:51', '2023-03-16 10:49:51'),
(505, '\"walkin\"', '[3]', '2023-03-18', '2023-03-18', 507, 522, 'approved', NULL, '2023-03-16 10:49:51', '2023-03-16 10:49:51'),
(506, '\"walkin\"', '[3]', '2023-03-18', '2023-03-18', 508, 523, 'approved', NULL, '2023-03-16 10:49:51', '2023-03-16 10:49:51'),
(507, '\"walkin\"', '[3]', '2023-03-18', '2023-03-18', 509, 524, 'approved', NULL, '2023-03-16 10:49:51', '2023-03-16 10:49:51'),
(508, '\"walkin\"', '[3]', '2023-03-18', '2023-03-18', 510, 525, 'approved', NULL, '2023-03-16 10:49:51', '2023-03-16 10:49:51'),
(509, '\"walkin\"', '[3]', '2023-03-18', '2023-03-18', 511, 526, 'approved', NULL, '2023-03-16 10:49:51', '2023-03-16 10:49:51'),
(510, '\"walkin\"', '[3]', '2023-03-18', '2023-03-18', 512, 527, 'approved', NULL, '2023-03-16 10:49:51', '2023-03-16 10:49:51'),
(511, '\"walkin\"', '[3]', '2023-03-18', '2023-03-18', 513, 528, 'approved', NULL, '2023-03-16 10:49:51', '2023-03-16 10:49:51'),
(512, '\"walkin\"', '[3]', '2023-03-18', '2023-03-18', 514, 529, 'approved', NULL, '2023-03-16 10:49:51', '2023-03-16 10:49:51'),
(513, '\"walkin\"', '[3]', '2023-03-18', '2023-03-18', 515, 530, 'approved', NULL, '2023-03-16 10:49:51', '2023-03-16 10:49:51'),
(514, '\"walkin\"', '[3]', '2023-03-18', '2023-03-18', 516, 531, 'approved', NULL, '2023-03-16 10:49:52', '2023-03-16 10:49:52'),
(515, '\"walkin\"', '[3]', '2023-03-18', '2023-03-18', 517, 532, 'approved', NULL, '2023-03-16 10:49:52', '2023-03-16 10:49:52'),
(516, '\"walkin\"', '[3]', '2023-03-18', '2023-03-18', 518, 533, 'approved', NULL, '2023-03-16 10:49:52', '2023-03-16 10:49:52'),
(517, '\"walkin\"', '[3]', '2023-03-18', '2023-03-18', 519, 534, 'approved', NULL, '2023-03-16 10:49:52', '2023-03-16 10:49:52'),
(518, '\"online\"', '[4]', '2023-04-29', '2023-04-29', 524, 535, 'approved', NULL, '2023-04-30 09:44:26', '2023-04-30 09:44:26'),
(519, '\"online\"', '[4]', '2023-04-29', '2023-04-29', 525, 536, 'approved', NULL, '2023-04-30 09:45:24', '2023-04-30 09:45:24'),
(520, '\"online\"', '[4,4]', '2023-04-29', '2023-04-29', 526, 537, 'approved', NULL, '2023-04-30 09:46:22', '2023-04-30 09:46:22'),
(527, '\"online\"', '[4,4]', '2023-04-30', '2023-04-30', 538, 545, 'approved', NULL, '2023-04-30 12:35:04', '2023-04-30 12:35:04');

-- --------------------------------------------------------

--
-- Table structure for table `m_cottages`
--

CREATE TABLE `m_cottages` (
  `id` int(11) NOT NULL,
  `type` varchar(15) NOT NULL,
  `cottage_number` varchar(30) NOT NULL,
  `description` text NOT NULL,
  `capacity` varchar(50) NOT NULL,
  `price` double(6,2) NOT NULL,
  `is_available` tinyint(1) NOT NULL DEFAULT '1',
  `images` text,
  `createdAt` timestamp NOT NULL DEFAULT CURRENT_TIMESTAMP,
  `updatedAt` timestamp NOT NULL DEFAULT CURRENT_TIMESTAMP
) ENGINE=InnoDB DEFAULT CHARSET=utf8mb4;

--
-- Dumping data for table `m_cottages`
--

INSERT INTO `m_cottages` (`id`, `type`, `cottage_number`, `description`, `capacity`, `price`, `is_available`, `images`, `createdAt`, `updatedAt`) VALUES
(3, 'non-floating', 'c-0001', 'made in kawayan', '20persons', 5000.00, 0, '[\"C:\\\\Users\\\\admin\\\\Desktop\\\\mew\\\\mew\\\\src\\\\uploads\\\\images-1672657243680-912218609.jpg\"]', '2023-01-02 11:00:43', '2023-01-02 11:00:43'),
(4, 'floating', 'c-0002', 'made in kawayan', '30persons', 6000.00, 0, '[\"C:\\\\Users\\\\admin\\\\Desktop\\\\mew\\\\mew\\\\src\\\\uploads\\\\images-1672657287889-242505223.jpg\"]', '2023-01-02 11:01:27', '2023-01-02 11:01:27'),
(5, 'non-floating', 'c-0003', 'made in kawayan', '35persons', 5000.00, 0, '[\"C:\\\\Users\\\\admin\\\\Desktop\\\\mew\\\\mew\\\\src\\\\uploads\\\\images-1672657384085-423270075.jpg\"]', '2023-01-02 11:03:04', '2023-01-02 11:03:04');

-- --------------------------------------------------------

--
-- Table structure for table `m_payment_records`
--

CREATE TABLE `m_payment_records` (
  `id` int(11) NOT NULL,
  `type` varchar(10) NOT NULL,
  `account_name` varchar(30) DEFAULT NULL,
  `account_number` varchar(30) DEFAULT NULL,
  `reference_number` varchar(100) DEFAULT NULL,
  `receipt` text,
  `amount` decimal(10,2) NOT NULL,
  `createdAt` timestamp NOT NULL DEFAULT CURRENT_TIMESTAMP,
  `updatedAt` timestamp NOT NULL DEFAULT CURRENT_TIMESTAMP
) ENGINE=InnoDB DEFAULT CHARSET=utf8mb4;

--
-- Dumping data for table `m_payment_records`
--

INSERT INTO `m_payment_records` (`id`, `type`, `account_name`, `account_number`, `reference_number`, `receipt`, `amount`, `createdAt`, `updatedAt`) VALUES
(2, 'gcash', 'alejandro oletres', '0', '0', '[\"C:\\\\Users\\\\admin\\\\Desktop\\\\mew\\\\mew\\\\src\\\\uploads\\\\images-1672657984214-218231836.jpg\"]', '900.00', '2023-01-02 11:13:04', '2023-01-02 11:13:04'),
(3, 'gcash', 'alejandro oletres', '9263919845', '99999999', '[\"C:\\\\Users\\\\admin\\\\Desktop\\\\mew\\\\mew\\\\src\\\\uploads\\\\images-1672794308943-882728604.jpg\"]', '1000.00', '2023-01-04 01:05:08', '2023-01-04 01:05:08'),
(5, 'cash', '', '', '', '', '6000.00', '2023-01-07 06:56:45', '2023-01-07 06:56:45'),
(6, 'cash', '', '', '', '', '5000.00', '2023-01-07 06:59:07', '2023-01-07 06:59:07'),
(11, 'gcash', 'alejandro oletres', '999999', '999000', '[\"C:\\\\Users\\\\admin\\\\Desktop\\\\mew\\\\mew\\\\src\\\\uploads\\\\images-1673175006556-142092250.jpg\"]', '8900.00', '2023-01-08 10:50:06', '2023-01-08 10:50:06'),
(12, 'gcash', 'alejandro oletres', '0', '0', '[\"C:\\\\Users\\\\admin\\\\Desktop\\\\mew\\\\mew\\\\src\\\\uploads\\\\images-1673180391581-780013545.jpg\"]', '890.00', '2023-01-08 12:19:51', '2023-01-08 12:19:51'),
(13, 'gcash', 'alejadnro', '99999', '900', '[\"C:\\\\Users\\\\admin\\\\Desktop\\\\mew\\\\mew\\\\src\\\\uploads\\\\images-1673529950731-672641733.jpg\"]', '890.00', '2023-01-12 13:25:50', '2023-01-12 13:25:50'),
(14, 'gcash', 'alejadnf', '0', '0', '[\"C:\\\\Users\\\\admin\\\\Desktop\\\\mew\\\\mew\\\\src\\\\uploads\\\\images-1673530548083-761117595.jpg\"]', '890.00', '2023-01-12 13:35:48', '2023-01-12 13:35:48'),
(15, 'gcash', 'alejadr', '999999999', '9999999999', '[\"C:\\\\Users\\\\admin\\\\Desktop\\\\mew\\\\mew\\\\src\\\\uploads\\\\images-1673531080466-692498385.jpg\"]', '987.00', '2023-01-12 13:44:40', '2023-01-12 13:44:40'),
(16, 'gcash', 'a;ejad', '9878', '0', '[\"C:\\\\Users\\\\admin\\\\Desktop\\\\mew\\\\mew\\\\src\\\\uploads\\\\images-1673531178507-942593749.jpg\"]', '789.00', '2023-01-12 13:46:18', '2023-01-12 13:46:18'),
(17, 'gcash', 'asdfad', '9000', '0', '[\"C:\\\\Users\\\\admin\\\\Desktop\\\\mew\\\\mew\\\\src\\\\uploads\\\\images-1673531368592-449338339.jpg\"]', '0.00', '2023-01-12 13:49:28', '2023-01-12 13:49:28'),
(18, 'gcash', 'erw1', '8999', '0', '[\"C:\\\\Users\\\\admin\\\\Desktop\\\\mew\\\\mew\\\\src\\\\uploads\\\\images-1673532192404-388113831.jpg\"]', '0.00', '2023-01-12 14:03:12', '2023-01-12 14:03:12'),
(19, 'gcash', 'sdfasfd', '9999', '0', '[\"C:\\\\Users\\\\admin\\\\Desktop\\\\mew\\\\mew\\\\src\\\\uploads\\\\images-1673532421195-577934116.jpg\"]', '99878.00', '2023-01-12 14:07:01', '2023-01-12 14:07:01'),
(32, 'cash', '', '', '', '', '102.40', '2023-03-03 12:36:19', '2023-03-03 12:36:19'),
(33, 'cash', '', '', '', '', '475.36', '2023-03-03 12:36:19', '2023-03-03 12:36:19'),
(220, 'cash', '', '', '', '', '427.65', '2023-03-03 12:50:05', '2023-03-03 12:50:05'),
(221, 'cash', '', '', '', '', '621.13', '2023-03-03 12:50:05', '2023-03-03 12:50:05'),
(222, 'cash', '', '', '', '', '399.23', '2023-03-03 12:50:05', '2023-03-03 12:50:05'),
(223, 'cash', '', '', '', '', '612.62', '2023-03-03 12:50:05', '2023-03-03 12:50:05'),
(224, 'cash', '', '', '', '', '104.19', '2023-03-03 12:50:06', '2023-03-03 12:50:06'),
(225, 'cash', '', '', '', '', '987.27', '2023-03-03 12:50:06', '2023-03-03 12:50:06'),
(226, 'cash', '', '', '', '', '101.29', '2023-03-03 12:50:06', '2023-03-03 12:50:06'),
(227, 'cash', '', '', '', '', '106.08', '2023-03-03 12:50:06', '2023-03-03 12:50:06'),
(228, 'cash', '', '', '', '', '766.00', '2023-03-03 12:50:06', '2023-03-03 12:50:06'),
(229, 'cash', '', '', '', '', '360.34', '2023-03-03 12:50:06', '2023-03-03 12:50:06'),
(230, 'cash', '', '', '', '', '784.03', '2023-03-03 12:50:07', '2023-03-03 12:50:07'),
(231, 'cash', '', '', '', '', '360.81', '2023-03-03 12:50:07', '2023-03-03 12:50:07'),
(232, 'cash', '', '', '', '', '364.71', '2023-03-03 12:50:07', '2023-03-03 12:50:07'),
(233, 'cash', '', '', '', '', '42.56', '2023-03-03 12:50:07', '2023-03-03 12:50:07'),
(234, 'cash', '', '', '', '', '661.89', '2023-03-03 12:50:07', '2023-03-03 12:50:07'),
(235, 'cash', '', '', '', '', '137.92', '2023-03-03 12:50:07', '2023-03-03 12:50:07'),
(236, 'cash', '', '', '', '', '72.74', '2023-03-03 12:50:07', '2023-03-03 12:50:07'),
(237, 'cash', '', '', '', '', '308.26', '2023-03-03 12:50:08', '2023-03-03 12:50:08'),
(238, 'cash', '', '', '', '', '805.76', '2023-03-03 12:50:08', '2023-03-03 12:50:08'),
(239, 'cash', '', '', '', '', '408.88', '2023-03-03 12:50:08', '2023-03-03 12:50:08'),
(240, 'cash', '', '', '', '', '567.19', '2023-03-03 12:50:08', '2023-03-03 12:50:08'),
(241, 'cash', '', '', '', '', '454.68', '2023-03-03 12:50:08', '2023-03-03 12:50:08'),
(242, 'cash', '', '', '', '', '352.11', '2023-03-03 12:50:08', '2023-03-03 12:50:08'),
(243, 'cash', '', '', '', '', '487.47', '2023-03-03 12:50:09', '2023-03-03 12:50:09'),
(244, 'cash', '', '', '', '', '489.38', '2023-03-03 12:50:09', '2023-03-03 12:50:09'),
(245, 'cash', '', '', '', '', '918.03', '2023-03-03 12:50:09', '2023-03-03 12:50:09'),
(246, 'cash', '', '', '', '', '232.13', '2023-03-03 12:50:09', '2023-03-03 12:50:09'),
(247, 'cash', '', '', '', '', '418.10', '2023-03-03 12:50:09', '2023-03-03 12:50:09'),
(248, 'cash', '', '', '', '', '318.98', '2023-03-03 12:50:09', '2023-03-03 12:50:09'),
(249, 'cash', '', '', '', '', '923.75', '2023-03-03 12:50:09', '2023-03-03 12:50:09'),
(250, 'cash', '', '', '', '', '747.15', '2023-03-03 12:50:10', '2023-03-03 12:50:10'),
(251, 'cash', '', '', '', '', '345.09', '2023-03-03 12:50:10', '2023-03-03 12:50:10'),
(252, 'cash', '', '', '', '', '984.31', '2023-03-03 12:50:10', '2023-03-03 12:50:10'),
(253, 'cash', '', '', '', '', '189.84', '2023-03-03 12:50:10', '2023-03-03 12:50:10'),
(254, 'cash', '', '', '', '', '302.44', '2023-03-03 12:50:10', '2023-03-03 12:50:10'),
(255, 'cash', '', '', '', '', '438.12', '2023-03-03 12:50:10', '2023-03-03 12:50:10'),
(256, 'cash', '', '', '', '', '257.05', '2023-03-03 12:50:11', '2023-03-03 12:50:11'),
(257, 'cash', '', '', '', '', '604.80', '2023-03-03 12:50:11', '2023-03-03 12:50:11'),
(258, 'cash', '', '', '', '', '610.37', '2023-03-03 12:50:11', '2023-03-03 12:50:11'),
(259, 'cash', '', '', '', '', '125.42', '2023-03-03 12:50:11', '2023-03-03 12:50:11'),
(260, 'cash', '', '', '', '', '651.84', '2023-03-03 12:50:11', '2023-03-03 12:50:11'),
(261, 'cash', '', '', '', '', '999.14', '2023-03-03 12:50:11', '2023-03-03 12:50:11'),
(262, 'cash', '', '', '', '', '788.34', '2023-03-03 12:50:11', '2023-03-03 12:50:11'),
(263, 'cash', '', '', '', '', '445.94', '2023-03-03 12:50:12', '2023-03-03 12:50:12'),
(264, 'cash', '', '', '', '', '474.03', '2023-03-03 12:50:12', '2023-03-03 12:50:12'),
(265, 'cash', '', '', '', '', '246.77', '2023-03-03 12:50:12', '2023-03-03 12:50:12'),
(266, 'cash', '', '', '', '', '290.71', '2023-03-03 12:50:12', '2023-03-03 12:50:12'),
(267, 'cash', '', '', '', '', '605.36', '2023-03-03 12:50:12', '2023-03-03 12:50:12'),
(268, 'cash', '', '', '', '', '306.77', '2023-03-03 12:50:12', '2023-03-03 12:50:12'),
(269, 'cash', '', '', '', '', '991.26', '2023-03-03 12:50:13', '2023-03-03 12:50:13'),
(270, 'cash', '', '', '', '', '299.47', '2023-03-03 12:50:13', '2023-03-03 12:50:13'),
(271, 'cash', '', '', '', '', '205.76', '2023-03-03 12:50:13', '2023-03-03 12:50:13'),
(272, 'cash', '', '', '', '', '454.39', '2023-03-03 12:50:13', '2023-03-03 12:50:13'),
(273, 'cash', '', '', '', '', '678.89', '2023-03-03 12:50:13', '2023-03-03 12:50:13'),
(274, 'cash', '', '', '', '', '202.72', '2023-03-03 12:50:13', '2023-03-03 12:50:13'),
(275, 'cash', '', '', '', '', '679.51', '2023-03-03 12:50:13', '2023-03-03 12:50:13'),
(276, 'cash', '', '', '', '', '710.04', '2023-03-03 12:50:14', '2023-03-03 12:50:14'),
(277, 'cash', '', '', '', '', '704.22', '2023-03-03 12:50:14', '2023-03-03 12:50:14'),
(278, 'cash', '', '', '', '', '956.15', '2023-03-03 12:50:14', '2023-03-03 12:50:14'),
(279, 'cash', '', '', '', '', '111.66', '2023-03-03 12:50:14', '2023-03-03 12:50:14'),
(280, 'cash', '', '', '', '', '158.16', '2023-03-03 12:50:14', '2023-03-03 12:50:14'),
(281, 'cash', '', '', '', '', '685.87', '2023-03-03 12:50:14', '2023-03-03 12:50:14'),
(282, 'cash', '', '', '', '', '354.57', '2023-03-03 12:50:14', '2023-03-03 12:50:14'),
(283, 'cash', '', '', '', '', '662.37', '2023-03-03 12:50:15', '2023-03-03 12:50:15'),
(284, 'cash', '', '', '', '', '778.66', '2023-03-03 12:50:15', '2023-03-03 12:50:15'),
(285, 'cash', '', '', '', '', '925.74', '2023-03-03 12:50:15', '2023-03-03 12:50:15'),
(286, 'cash', '', '', '', '', '898.70', '2023-03-03 12:50:15', '2023-03-03 12:50:15'),
(287, 'cash', '', '', '', '', '318.02', '2023-03-03 12:50:15', '2023-03-03 12:50:15'),
(288, 'cash', '', '', '', '', '821.91', '2023-03-03 12:50:15', '2023-03-03 12:50:15'),
(289, 'cash', '', '', '', '', '376.31', '2023-03-03 12:50:15', '2023-03-03 12:50:15'),
(290, 'cash', '', '', '', '', '527.76', '2023-03-03 12:50:16', '2023-03-03 12:50:16'),
(291, 'cash', '', '', '', '', '103.76', '2023-03-03 12:50:16', '2023-03-03 12:50:16'),
(292, 'cash', '', '', '', '', '507.08', '2023-03-03 12:50:16', '2023-03-03 12:50:16'),
(293, 'cash', '', '', '', '', '410.02', '2023-03-03 12:50:16', '2023-03-03 12:50:16'),
(294, 'cash', '', '', '', '', '313.96', '2023-03-03 12:50:16', '2023-03-03 12:50:16'),
(295, 'cash', '', '', '', '', '45.25', '2023-03-03 12:50:16', '2023-03-03 12:50:16'),
(296, 'cash', '', '', '', '', '476.32', '2023-03-03 12:50:16', '2023-03-03 12:50:16'),
(297, 'cash', '', '', '', '', '142.35', '2023-03-03 12:50:17', '2023-03-03 12:50:17'),
(298, 'cash', '', '', '', '', '428.46', '2023-03-03 12:50:17', '2023-03-03 12:50:17'),
(299, 'cash', '', '', '', '', '941.84', '2023-03-03 12:50:17', '2023-03-03 12:50:17'),
(300, 'cash', '', '', '', '', '965.09', '2023-03-03 12:50:17', '2023-03-03 12:50:17'),
(301, 'cash', '', '', '', '', '309.46', '2023-03-03 12:50:17', '2023-03-03 12:50:17'),
(302, 'cash', '', '', '', '', '77.52', '2023-03-03 12:50:17', '2023-03-03 12:50:17'),
(303, 'cash', '', '', '', '', '13.95', '2023-03-03 12:50:18', '2023-03-03 12:50:18'),
(304, 'cash', '', '', '', '', '717.66', '2023-03-03 12:50:18', '2023-03-03 12:50:18'),
(305, 'cash', '', '', '', '', '427.09', '2023-03-03 12:50:18', '2023-03-03 12:50:18'),
(306, 'cash', '', '', '', '', '234.41', '2023-03-03 12:50:18', '2023-03-03 12:50:18'),
(307, 'cash', '', '', '', '', '285.40', '2023-03-03 12:50:18', '2023-03-03 12:50:18'),
(308, 'cash', '', '', '', '', '313.13', '2023-03-03 12:50:18', '2023-03-03 12:50:18'),
(309, 'cash', '', '', '', '', '668.12', '2023-03-03 12:50:18', '2023-03-03 12:50:18'),
(310, 'cash', '', '', '', '', '689.24', '2023-03-03 12:50:19', '2023-03-03 12:50:19'),
(311, 'cash', '', '', '', '', '314.98', '2023-03-03 12:50:19', '2023-03-03 12:50:19'),
(312, 'cash', '', '', '', '', '240.04', '2023-03-03 12:50:19', '2023-03-03 12:50:19'),
(313, 'cash', '', '', '', '', '123.44', '2023-03-03 12:50:19', '2023-03-03 12:50:19'),
(314, 'cash', '', '', '', '', '636.27', '2023-03-03 12:50:19', '2023-03-03 12:50:19'),
(315, 'cash', '', '', '', '', '662.81', '2023-03-03 12:50:19', '2023-03-03 12:50:19'),
(316, 'cash', '', '', '', '', '157.37', '2023-03-03 12:50:19', '2023-03-03 12:50:19'),
(317, 'cash', '', '', '', '', '446.05', '2023-03-03 12:50:20', '2023-03-03 12:50:20'),
(318, 'cash', '', '', '', '', '874.32', '2023-03-03 12:50:20', '2023-03-03 12:50:20'),
(319, 'cash', '', '', '', '', '905.77', '2023-03-03 12:50:20', '2023-03-03 12:50:20'),
(320, 'cash', '', '', '', '', '328.32', '2023-03-16 10:41:36', '2023-03-16 10:41:36'),
(321, 'cash', '', '', '', '', '135.32', '2023-03-16 10:41:37', '2023-03-16 10:41:37'),
(322, 'cash', '', '', '', '', '72.25', '2023-03-16 10:41:38', '2023-03-16 10:41:38'),
(323, 'cash', '', '', '', '', '989.05', '2023-03-16 10:41:38', '2023-03-16 10:41:38'),
(324, 'cash', '', '', '', '', '21.03', '2023-03-16 10:41:38', '2023-03-16 10:41:38'),
(325, 'cash', '', '', '', '', '61.50', '2023-03-16 10:41:39', '2023-03-16 10:41:39'),
(326, 'cash', '', '', '', '', '276.56', '2023-03-16 10:41:39', '2023-03-16 10:41:39'),
(327, 'cash', '', '', '', '', '597.60', '2023-03-16 10:41:39', '2023-03-16 10:41:39'),
(328, 'cash', '', '', '', '', '125.17', '2023-03-16 10:41:39', '2023-03-16 10:41:39'),
(329, 'cash', '', '', '', '', '408.92', '2023-03-16 10:41:39', '2023-03-16 10:41:39'),
(330, 'cash', '', '', '', '', '265.18', '2023-03-16 10:41:39', '2023-03-16 10:41:39'),
(331, 'cash', '', '', '', '', '614.36', '2023-03-16 10:41:39', '2023-03-16 10:41:39'),
(332, 'cash', '', '', '', '', '964.45', '2023-03-16 10:41:40', '2023-03-16 10:41:40'),
(333, 'cash', '', '', '', '', '652.94', '2023-03-16 10:41:40', '2023-03-16 10:41:40'),
(334, 'cash', '', '', '', '', '494.50', '2023-03-16 10:41:40', '2023-03-16 10:41:40'),
(335, 'cash', '', '', '', '', '801.80', '2023-03-16 10:41:40', '2023-03-16 10:41:40'),
(336, 'cash', '', '', '', '', '2.37', '2023-03-16 10:41:40', '2023-03-16 10:41:40'),
(337, 'cash', '', '', '', '', '144.92', '2023-03-16 10:41:40', '2023-03-16 10:41:40'),
(338, 'cash', '', '', '', '', '469.28', '2023-03-16 10:41:41', '2023-03-16 10:41:41'),
(339, 'cash', '', '', '', '', '542.63', '2023-03-16 10:41:41', '2023-03-16 10:41:41'),
(340, 'cash', '', '', '', '', '161.81', '2023-03-16 10:41:41', '2023-03-16 10:41:41'),
(341, 'cash', '', '', '', '', '788.31', '2023-03-16 10:41:41', '2023-03-16 10:41:41'),
(342, 'cash', '', '', '', '', '644.23', '2023-03-16 10:41:41', '2023-03-16 10:41:41'),
(343, 'cash', '', '', '', '', '483.21', '2023-03-16 10:41:41', '2023-03-16 10:41:41'),
(344, 'cash', '', '', '', '', '104.88', '2023-03-16 10:41:41', '2023-03-16 10:41:41'),
(345, 'cash', '', '', '', '', '171.61', '2023-03-16 10:41:42', '2023-03-16 10:41:42'),
(346, 'cash', '', '', '', '', '731.76', '2023-03-16 10:41:42', '2023-03-16 10:41:42'),
(347, 'cash', '', '', '', '', '843.56', '2023-03-16 10:41:42', '2023-03-16 10:41:42'),
(348, 'cash', '', '', '', '', '756.55', '2023-03-16 10:41:42', '2023-03-16 10:41:42'),
(349, 'cash', '', '', '', '', '295.31', '2023-03-16 10:41:42', '2023-03-16 10:41:42'),
(350, 'cash', '', '', '', '', '102.31', '2023-03-16 10:41:42', '2023-03-16 10:41:42'),
(351, 'cash', '', '', '', '', '651.31', '2023-03-16 10:41:43', '2023-03-16 10:41:43'),
(352, 'cash', '', '', '', '', '596.87', '2023-03-16 10:41:43', '2023-03-16 10:41:43'),
(353, 'cash', '', '', '', '', '104.85', '2023-03-16 10:41:43', '2023-03-16 10:41:43'),
(354, 'cash', '', '', '', '', '301.95', '2023-03-16 10:41:43', '2023-03-16 10:41:43'),
(355, 'cash', '', '', '', '', '155.93', '2023-03-16 10:41:43', '2023-03-16 10:41:43'),
(356, 'cash', '', '', '', '', '212.64', '2023-03-16 10:41:43', '2023-03-16 10:41:43'),
(357, 'cash', '', '', '', '', '644.89', '2023-03-16 10:41:44', '2023-03-16 10:41:44'),
(358, 'cash', '', '', '', '', '36.46', '2023-03-16 10:41:44', '2023-03-16 10:41:44'),
(359, 'cash', '', '', '', '', '294.56', '2023-03-16 10:41:44', '2023-03-16 10:41:44'),
(360, 'cash', '', '', '', '', '15.65', '2023-03-16 10:41:44', '2023-03-16 10:41:44'),
(361, 'cash', '', '', '', '', '280.78', '2023-03-16 10:41:44', '2023-03-16 10:41:44'),
(362, 'cash', '', '', '', '', '464.05', '2023-03-16 10:41:44', '2023-03-16 10:41:44'),
(363, 'cash', '', '', '', '', '533.46', '2023-03-16 10:41:44', '2023-03-16 10:41:44'),
(364, 'cash', '', '', '', '', '967.79', '2023-03-16 10:41:45', '2023-03-16 10:41:45'),
(365, 'cash', '', '', '', '', '980.96', '2023-03-16 10:41:45', '2023-03-16 10:41:45'),
(366, 'cash', '', '', '', '', '774.41', '2023-03-16 10:41:45', '2023-03-16 10:41:45'),
(367, 'cash', '', '', '', '', '631.60', '2023-03-16 10:41:45', '2023-03-16 10:41:45'),
(368, 'cash', '', '', '', '', '735.65', '2023-03-16 10:41:45', '2023-03-16 10:41:45'),
(369, 'cash', '', '', '', '', '643.88', '2023-03-16 10:41:45', '2023-03-16 10:41:45'),
(370, 'cash', '', '', '', '', '491.29', '2023-03-16 10:41:45', '2023-03-16 10:41:45'),
(371, 'cash', '', '', '', '', '257.42', '2023-03-16 10:41:46', '2023-03-16 10:41:46'),
(372, 'cash', '', '', '', '', '689.83', '2023-03-16 10:41:46', '2023-03-16 10:41:46'),
(373, 'cash', '', '', '', '', '797.32', '2023-03-16 10:41:46', '2023-03-16 10:41:46'),
(374, 'cash', '', '', '', '', '326.57', '2023-03-16 10:41:46', '2023-03-16 10:41:46'),
(375, 'cash', '', '', '', '', '472.11', '2023-03-16 10:41:46', '2023-03-16 10:41:46'),
(376, 'cash', '', '', '', '', '467.24', '2023-03-16 10:41:46', '2023-03-16 10:41:46'),
(377, 'cash', '', '', '', '', '54.38', '2023-03-16 10:41:47', '2023-03-16 10:41:47'),
(378, 'cash', '', '', '', '', '868.12', '2023-03-16 10:41:47', '2023-03-16 10:41:47'),
(379, 'cash', '', '', '', '', '781.98', '2023-03-16 10:41:47', '2023-03-16 10:41:47'),
(380, 'cash', '', '', '', '', '18.92', '2023-03-16 10:41:47', '2023-03-16 10:41:47'),
(381, 'cash', '', '', '', '', '688.20', '2023-03-16 10:41:47', '2023-03-16 10:41:47'),
(382, 'cash', '', '', '', '', '674.38', '2023-03-16 10:41:47', '2023-03-16 10:41:47'),
(383, 'cash', '', '', '', '', '250.23', '2023-03-16 10:41:47', '2023-03-16 10:41:47'),
(384, 'cash', '', '', '', '', '745.94', '2023-03-16 10:41:48', '2023-03-16 10:41:48'),
(385, 'cash', '', '', '', '', '117.31', '2023-03-16 10:41:48', '2023-03-16 10:41:48'),
(386, 'cash', '', '', '', '', '710.68', '2023-03-16 10:41:48', '2023-03-16 10:41:48'),
(387, 'cash', '', '', '', '', '764.27', '2023-03-16 10:41:48', '2023-03-16 10:41:48'),
(388, 'cash', '', '', '', '', '358.47', '2023-03-16 10:41:48', '2023-03-16 10:41:48'),
(389, 'cash', '', '', '', '', '36.73', '2023-03-16 10:41:48', '2023-03-16 10:41:48'),
(390, 'cash', '', '', '', '', '378.90', '2023-03-16 10:41:49', '2023-03-16 10:41:49'),
(391, 'cash', '', '', '', '', '190.94', '2023-03-16 10:41:49', '2023-03-16 10:41:49'),
(392, 'cash', '', '', '', '', '158.83', '2023-03-16 10:41:49', '2023-03-16 10:41:49'),
(393, 'cash', '', '', '', '', '430.39', '2023-03-16 10:41:49', '2023-03-16 10:41:49'),
(394, 'cash', '', '', '', '', '317.47', '2023-03-16 10:41:49', '2023-03-16 10:41:49'),
(395, 'cash', '', '', '', '', '432.05', '2023-03-16 10:41:49', '2023-03-16 10:41:49'),
(396, 'cash', '', '', '', '', '251.39', '2023-03-16 10:41:49', '2023-03-16 10:41:49'),
(397, 'cash', '', '', '', '', '424.85', '2023-03-16 10:41:50', '2023-03-16 10:41:50'),
(398, 'cash', '', '', '', '', '502.80', '2023-03-16 10:41:50', '2023-03-16 10:41:50'),
(399, 'cash', '', '', '', '', '217.76', '2023-03-16 10:41:50', '2023-03-16 10:41:50'),
(400, 'cash', '', '', '', '', '714.83', '2023-03-16 10:41:50', '2023-03-16 10:41:50'),
(401, 'cash', '', '', '', '', '434.72', '2023-03-16 10:41:50', '2023-03-16 10:41:50'),
(402, 'cash', '', '', '', '', '852.14', '2023-03-16 10:41:50', '2023-03-16 10:41:50'),
(403, 'cash', '', '', '', '', '804.83', '2023-03-16 10:41:51', '2023-03-16 10:41:51'),
(404, 'cash', '', '', '', '', '88.41', '2023-03-16 10:41:51', '2023-03-16 10:41:51'),
(405, 'cash', '', '', '', '', '460.30', '2023-03-16 10:41:51', '2023-03-16 10:41:51'),
(406, 'cash', '', '', '', '', '500.82', '2023-03-16 10:41:51', '2023-03-16 10:41:51'),
(407, 'cash', '', '', '', '', '118.05', '2023-03-16 10:41:51', '2023-03-16 10:41:51'),
(408, 'cash', '', '', '', '', '913.48', '2023-03-16 10:41:51', '2023-03-16 10:41:51'),
(409, 'cash', '', '', '', '', '34.24', '2023-03-16 10:41:52', '2023-03-16 10:41:52'),
(410, 'cash', '', '', '', '', '58.09', '2023-03-16 10:41:52', '2023-03-16 10:41:52'),
(411, 'cash', '', '', '', '', '407.30', '2023-03-16 10:41:52', '2023-03-16 10:41:52'),
(412, 'cash', '', '', '', '', '568.73', '2023-03-16 10:41:52', '2023-03-16 10:41:52'),
(413, 'cash', '', '', '', '', '17.52', '2023-03-16 10:41:52', '2023-03-16 10:41:52'),
(414, 'cash', '', '', '', '', '31.83', '2023-03-16 10:41:52', '2023-03-16 10:41:52'),
(415, 'cash', '', '', '', '', '591.18', '2023-03-16 10:41:52', '2023-03-16 10:41:52'),
(416, 'cash', '', '', '', '', '224.01', '2023-03-16 10:41:53', '2023-03-16 10:41:53'),
(417, 'cash', '', '', '', '', '855.33', '2023-03-16 10:41:53', '2023-03-16 10:41:53'),
(418, 'cash', '', '', '', '', '538.41', '2023-03-16 10:41:53', '2023-03-16 10:41:53'),
(419, 'cash', '', '', '', '', '205.39', '2023-03-16 10:41:53', '2023-03-16 10:41:53'),
(420, 'cash', '', '', '', '', '787.91', '2023-03-16 10:49:37', '2023-03-16 10:49:37'),
(421, 'cash', '', '', '', '', '38.08', '2023-03-16 10:49:37', '2023-03-16 10:49:37'),
(422, 'cash', '', '', '', '', '96.51', '2023-03-16 10:49:38', '2023-03-16 10:49:38'),
(423, 'cash', '', '', '', '', '620.69', '2023-03-16 10:49:38', '2023-03-16 10:49:38'),
(424, 'cash', '', '', '', '', '140.18', '2023-03-16 10:49:39', '2023-03-16 10:49:39'),
(425, 'cash', '', '', '', '', '989.88', '2023-03-16 10:49:39', '2023-03-16 10:49:39'),
(426, 'cash', '', '', '', '', '869.25', '2023-03-16 10:49:39', '2023-03-16 10:49:39'),
(427, 'cash', '', '', '', '', '283.85', '2023-03-16 10:49:39', '2023-03-16 10:49:39'),
(428, 'cash', '', '', '', '', '567.19', '2023-03-16 10:49:39', '2023-03-16 10:49:39'),
(429, 'cash', '', '', '', '', '219.40', '2023-03-16 10:49:39', '2023-03-16 10:49:39'),
(430, 'cash', '', '', '', '', '58.39', '2023-03-16 10:49:39', '2023-03-16 10:49:39'),
(431, 'cash', '', '', '', '', '277.84', '2023-03-16 10:49:40', '2023-03-16 10:49:40'),
(432, 'cash', '', '', '', '', '255.23', '2023-03-16 10:49:40', '2023-03-16 10:49:40'),
(433, 'cash', '', '', '', '', '966.56', '2023-03-16 10:49:40', '2023-03-16 10:49:40'),
(434, 'cash', '', '', '', '', '672.15', '2023-03-16 10:49:40', '2023-03-16 10:49:40'),
(435, 'cash', '', '', '', '', '372.91', '2023-03-16 10:49:40', '2023-03-16 10:49:40'),
(436, 'cash', '', '', '', '', '126.88', '2023-03-16 10:49:40', '2023-03-16 10:49:40'),
(437, 'cash', '', '', '', '', '274.40', '2023-03-16 10:49:40', '2023-03-16 10:49:40'),
(438, 'cash', '', '', '', '', '861.60', '2023-03-16 10:49:40', '2023-03-16 10:49:40'),
(439, 'cash', '', '', '', '', '345.57', '2023-03-16 10:49:41', '2023-03-16 10:49:41'),
(440, 'cash', '', '', '', '', '325.57', '2023-03-16 10:49:41', '2023-03-16 10:49:41'),
(441, 'cash', '', '', '', '', '605.54', '2023-03-16 10:49:41', '2023-03-16 10:49:41'),
(442, 'cash', '', '', '', '', '196.87', '2023-03-16 10:49:41', '2023-03-16 10:49:41'),
(443, 'cash', '', '', '', '', '167.68', '2023-03-16 10:49:41', '2023-03-16 10:49:41'),
(444, 'cash', '', '', '', '', '246.39', '2023-03-16 10:49:41', '2023-03-16 10:49:41'),
(445, 'cash', '', '', '', '', '784.41', '2023-03-16 10:49:41', '2023-03-16 10:49:41'),
(446, 'cash', '', '', '', '', '676.71', '2023-03-16 10:49:41', '2023-03-16 10:49:41'),
(447, 'cash', '', '', '', '', '507.53', '2023-03-16 10:49:42', '2023-03-16 10:49:42'),
(448, 'cash', '', '', '', '', '643.49', '2023-03-16 10:49:42', '2023-03-16 10:49:42'),
(449, 'cash', '', '', '', '', '341.06', '2023-03-16 10:49:42', '2023-03-16 10:49:42'),
(450, 'cash', '', '', '', '', '495.30', '2023-03-16 10:49:42', '2023-03-16 10:49:42'),
(451, 'cash', '', '', '', '', '865.73', '2023-03-16 10:49:42', '2023-03-16 10:49:42'),
(452, 'cash', '', '', '', '', '603.40', '2023-03-16 10:49:42', '2023-03-16 10:49:42'),
(453, 'cash', '', '', '', '', '512.96', '2023-03-16 10:49:42', '2023-03-16 10:49:42'),
(454, 'cash', '', '', '', '', '218.02', '2023-03-16 10:49:42', '2023-03-16 10:49:42'),
(455, 'cash', '', '', '', '', '48.43', '2023-03-16 10:49:43', '2023-03-16 10:49:43'),
(456, 'cash', '', '', '', '', '529.53', '2023-03-16 10:49:43', '2023-03-16 10:49:43'),
(457, 'cash', '', '', '', '', '8.12', '2023-03-16 10:49:43', '2023-03-16 10:49:43'),
(458, 'cash', '', '', '', '', '675.52', '2023-03-16 10:49:43', '2023-03-16 10:49:43'),
(459, 'cash', '', '', '', '', '994.77', '2023-03-16 10:49:43', '2023-03-16 10:49:43'),
(460, 'cash', '', '', '', '', '304.52', '2023-03-16 10:49:43', '2023-03-16 10:49:43'),
(461, 'cash', '', '', '', '', '995.81', '2023-03-16 10:49:43', '2023-03-16 10:49:43'),
(462, 'cash', '', '', '', '', '807.37', '2023-03-16 10:49:43', '2023-03-16 10:49:43'),
(463, 'cash', '', '', '', '', '846.84', '2023-03-16 10:49:44', '2023-03-16 10:49:44'),
(464, 'cash', '', '', '', '', '579.16', '2023-03-16 10:49:44', '2023-03-16 10:49:44'),
(465, 'cash', '', '', '', '', '839.08', '2023-03-16 10:49:44', '2023-03-16 10:49:44'),
(466, 'cash', '', '', '', '', '440.29', '2023-03-16 10:49:44', '2023-03-16 10:49:44'),
(467, 'cash', '', '', '', '', '973.37', '2023-03-16 10:49:44', '2023-03-16 10:49:44'),
(468, 'cash', '', '', '', '', '120.35', '2023-03-16 10:49:44', '2023-03-16 10:49:44'),
(469, 'cash', '', '', '', '', '957.61', '2023-03-16 10:49:44', '2023-03-16 10:49:44'),
(470, 'cash', '', '', '', '', '363.68', '2023-03-16 10:49:44', '2023-03-16 10:49:44'),
(471, 'cash', '', '', '', '', '557.62', '2023-03-16 10:49:45', '2023-03-16 10:49:45'),
(472, 'cash', '', '', '', '', '748.60', '2023-03-16 10:49:45', '2023-03-16 10:49:45'),
(473, 'cash', '', '', '', '', '148.78', '2023-03-16 10:49:45', '2023-03-16 10:49:45'),
(474, 'cash', '', '', '', '', '345.42', '2023-03-16 10:49:45', '2023-03-16 10:49:45'),
(475, 'cash', '', '', '', '', '362.51', '2023-03-16 10:49:45', '2023-03-16 10:49:45'),
(476, 'cash', '', '', '', '', '954.10', '2023-03-16 10:49:45', '2023-03-16 10:49:45'),
(477, 'cash', '', '', '', '', '523.98', '2023-03-16 10:49:45', '2023-03-16 10:49:45'),
(478, 'cash', '', '', '', '', '728.94', '2023-03-16 10:49:45', '2023-03-16 10:49:45'),
(479, 'cash', '', '', '', '', '75.44', '2023-03-16 10:49:46', '2023-03-16 10:49:46'),
(480, 'cash', '', '', '', '', '906.39', '2023-03-16 10:49:46', '2023-03-16 10:49:46'),
(481, 'cash', '', '', '', '', '777.94', '2023-03-16 10:49:46', '2023-03-16 10:49:46'),
(482, 'cash', '', '', '', '', '922.01', '2023-03-16 10:49:46', '2023-03-16 10:49:46'),
(483, 'cash', '', '', '', '', '7.76', '2023-03-16 10:49:46', '2023-03-16 10:49:46'),
(484, 'cash', '', '', '', '', '814.56', '2023-03-16 10:49:46', '2023-03-16 10:49:46'),
(485, 'cash', '', '', '', '', '939.02', '2023-03-16 10:49:46', '2023-03-16 10:49:46'),
(486, 'cash', '', '', '', '', '759.45', '2023-03-16 10:49:47', '2023-03-16 10:49:47'),
(487, 'cash', '', '', '', '', '280.61', '2023-03-16 10:49:47', '2023-03-16 10:49:47'),
(488, 'cash', '', '', '', '', '176.52', '2023-03-16 10:49:47', '2023-03-16 10:49:47'),
(489, 'cash', '', '', '', '', '480.16', '2023-03-16 10:49:47', '2023-03-16 10:49:47'),
(490, 'cash', '', '', '', '', '681.70', '2023-03-16 10:49:47', '2023-03-16 10:49:47'),
(491, 'cash', '', '', '', '', '283.15', '2023-03-16 10:49:47', '2023-03-16 10:49:47'),
(492, 'cash', '', '', '', '', '274.62', '2023-03-16 10:49:47', '2023-03-16 10:49:47'),
(493, 'cash', '', '', '', '', '546.38', '2023-03-16 10:49:47', '2023-03-16 10:49:47'),
(494, 'cash', '', '', '', '', '901.40', '2023-03-16 10:49:48', '2023-03-16 10:49:48'),
(495, 'cash', '', '', '', '', '525.08', '2023-03-16 10:49:48', '2023-03-16 10:49:48'),
(496, 'cash', '', '', '', '', '891.26', '2023-03-16 10:49:48', '2023-03-16 10:49:48'),
(497, 'cash', '', '', '', '', '423.25', '2023-03-16 10:49:48', '2023-03-16 10:49:48'),
(498, 'cash', '', '', '', '', '822.58', '2023-03-16 10:49:48', '2023-03-16 10:49:48'),
(499, 'cash', '', '', '', '', '114.35', '2023-03-16 10:49:48', '2023-03-16 10:49:48'),
(500, 'cash', '', '', '', '', '429.66', '2023-03-16 10:49:48', '2023-03-16 10:49:48'),
(501, 'cash', '', '', '', '', '841.73', '2023-03-16 10:49:49', '2023-03-16 10:49:49'),
(502, 'cash', '', '', '', '', '825.96', '2023-03-16 10:49:49', '2023-03-16 10:49:49'),
(503, 'cash', '', '', '', '', '219.52', '2023-03-16 10:49:49', '2023-03-16 10:49:49'),
(504, 'cash', '', '', '', '', '64.67', '2023-03-16 10:49:49', '2023-03-16 10:49:49'),
(505, 'cash', '', '', '', '', '187.89', '2023-03-16 10:49:49', '2023-03-16 10:49:49'),
(506, 'cash', '', '', '', '', '186.42', '2023-03-16 10:49:49', '2023-03-16 10:49:49'),
(507, 'cash', '', '', '', '', '161.70', '2023-03-16 10:49:49', '2023-03-16 10:49:49'),
(508, 'cash', '', '', '', '', '190.88', '2023-03-16 10:49:49', '2023-03-16 10:49:49'),
(509, 'cash', '', '', '', '', '764.23', '2023-03-16 10:49:50', '2023-03-16 10:49:50'),
(510, 'cash', '', '', '', '', '389.35', '2023-03-16 10:49:50', '2023-03-16 10:49:50'),
(511, 'cash', '', '', '', '', '499.28', '2023-03-16 10:49:50', '2023-03-16 10:49:50'),
(512, 'cash', '', '', '', '', '598.19', '2023-03-16 10:49:50', '2023-03-16 10:49:50'),
(513, 'cash', '', '', '', '', '978.20', '2023-03-16 10:49:50', '2023-03-16 10:49:50'),
(514, 'cash', '', '', '', '', '746.21', '2023-03-16 10:49:50', '2023-03-16 10:49:50'),
(515, 'cash', '', '', '', '', '527.62', '2023-03-16 10:49:50', '2023-03-16 10:49:50'),
(516, 'cash', '', '', '', '', '620.05', '2023-03-16 10:49:50', '2023-03-16 10:49:50'),
(517, 'cash', '', '', '', '', '902.78', '2023-03-16 10:49:51', '2023-03-16 10:49:51'),
(518, 'cash', '', '', '', '', '762.50', '2023-03-16 10:49:51', '2023-03-16 10:49:51'),
(519, 'cash', '', '', '', '', '345.19', '2023-03-16 10:49:51', '2023-03-16 10:49:51'),
(524, 'gcash', 'alejandro oletres', '9263919845', '900099', '[\"C:\\\\Users\\\\admin\\\\Desktop\\\\mew\\\\mew\\\\src\\\\uploads\\\\images-1682847866218-626822859.jpg\"]', '900.00', '2023-04-30 09:44:26', '2023-04-30 09:44:26'),
(525, 'gcash', 'asdf', '55555', '5555', '[\"C:\\\\Users\\\\admin\\\\Desktop\\\\mew\\\\mew\\\\src\\\\uploads\\\\images-1682847924437-406547923.jpg\"]', '55.00', '2023-04-30 09:45:24', '2023-04-30 09:45:24'),
(526, 'gcash', 'asdf', '433', '3434', '[\"C:\\\\Users\\\\admin\\\\Desktop\\\\mew\\\\mew\\\\src\\\\uploads\\\\images-1682847982365-967899154.jpg\"]', '3434.00', '2023-04-30 09:46:22', '2023-04-30 09:46:22'),
(527, 'gcash', 'alejandro oletrs', '9999', '99999000', '[\"C:\\\\Users\\\\admin\\\\Desktop\\\\mew\\\\mew\\\\src\\\\uploads\\\\images-1682855786385-552819517.jpg\"]', '900.00', '2023-04-30 11:56:26', '2023-04-30 11:56:26'),
(528, 'gcash', 'alejanro', '9999', '999', '[\"C:\\\\Users\\\\admin\\\\Desktop\\\\mew\\\\mew\\\\src\\\\uploads\\\\images-1682855877888-585881993.jpg\"]', '900.00', '2023-04-30 11:57:57', '2023-04-30 11:57:57'),
(529, 'gcash', 'alejanrdo oletres', '999', '999', '[\"C:\\\\Users\\\\admin\\\\Desktop\\\\mew\\\\mew\\\\src\\\\uploads\\\\images-1682856260833-48569540.jpg\"]', '900.00', '2023-04-30 12:04:20', '2023-04-30 12:04:20'),
(538, 'gcash', 'sehy lmain', '99990023', '999000', '[\"C:\\\\Users\\\\admin\\\\Desktop\\\\mew\\\\mew\\\\src\\\\uploads\\\\images-1682858104355-545955735.jpg\"]', '900.00', '2023-04-30 12:35:04', '2023-04-30 12:35:04');

-- --------------------------------------------------------

--
-- Table structure for table `m_users`
--

CREATE TABLE `m_users` (
  `id` int(11) NOT NULL,
  `role` text NOT NULL,
  `firstname` varchar(15) NOT NULL,
  `lastname` varchar(15) NOT NULL,
  `address` varchar(100) NOT NULL,
  `mobile_number` varchar(15) DEFAULT NULL,
  `email` varchar(50) DEFAULT NULL,
  `password` varchar(255) NOT NULL,
  `refresh_token` text,
  `createdAt` timestamp NOT NULL DEFAULT CURRENT_TIMESTAMP,
  `updatedAt` timestamp NOT NULL DEFAULT CURRENT_TIMESTAMP
) ENGINE=InnoDB DEFAULT CHARSET=utf8mb4;

--
-- Dumping data for table `m_users`
--

INSERT INTO `m_users` (`id`, `role`, `firstname`, `lastname`, `address`, `mobile_number`, `email`, `password`, `refresh_token`, `createdAt`, `updatedAt`) VALUES
(1, '[\"admin\"]', 'Dexter Louiee', 'Aniezz', 'Tawagan Surr', '+639383673348', 'louieaniez@gmail.com', '$2b$10$o907DGERuQeYgVP5F8r2wexdzWa1XluesznxW2/tbPMPGT3fvsYhW', 'eyJhbGciOiJIUzI1NiIsInR5cCI6IkpXVCJ9.eyJpZCI6MSwiZmlyc3RuYW1lIjoiRGV4dGVyIExvdWllZSIsImxhc3RuYW1lIjoiQW5pZXp6Iiwicm9sZSI6IltcImFkbWluXCJdIiwibW9iaWxlX251bWJlciI6Iis2MzkzODM2NzMzNDgiLCJlbWFpbCI6ImxvdWllYW5pZXpAZ21haWwuY29tIiwiY3JlYXRlZEF0IjoxNjgyODkwMzMyNjI5LCJpYXQiOjE2ODI4OTAzMzJ9.FjqY5WIEirSqEEbA4xep04wijMwz2Kwmhqqy8s3LIoY', '2022-10-13 09:15:18', '2022-10-13 09:15:18'),
(235, 'customer', 'Madonna', 'Batz', '69223 Roob Bypass', '1-278-497-3138 ', 'Terrence.Thiel@hotmail.com', '$2b$10$UZ7oFVvP4veryraKIicM6OWj55VCrUyz.UL3t1.iw19jYO.kGSIye', NULL, '2023-03-03 12:50:11', '2023-03-03 12:50:11'),
(236, 'customer', 'Nicole', 'Bednar', '8378 Yundt Roads', '940-438-3100 x6', 'Juana_Walsh1@yahoo.com', '$2b$10$nWXP6Q95WBNvQjtDvJ16kupgDb9uS4EnvEKC08pLl9a2/ruNP41.2', NULL, '2023-03-03 12:50:20', '2023-03-03 12:50:20'),
(237, 'customer', 'Margarita', 'Pagac', '49755 Funk Bypass', '(776) 228-1965 ', 'Kim.Welch95@gmail.com', '$2b$10$553CE7.2UrIXr.jAXzr.H.Tr.cvjgFcBukLj/9kv7hhnnYMh8hBcu', NULL, '2023-03-03 12:50:20', '2023-03-03 12:50:20'),
(238, 'customer', 'Maggie', 'Rath', '849 Christiansen Motorway', '503.437.5819', 'Evangeline22@yahoo.com', '$2b$10$XpYqVNOGFWrISZpm1nYToOGGXs.mk5xFFzNuVYa4lLg33kYrbr5vq', NULL, '2023-03-03 12:50:20', '2023-03-03 12:50:20'),
(239, 'customer', 'Judson', 'Rowe', '2801 Hills River', '1-891-527-0223 ', 'Erick_Hermann@yahoo.com', '$2b$10$Nl.LyeBBmdFtmk7emD.b5.YzfKB3WRHiZiqU8IFlq8NrRL5VYpHZu', NULL, '2023-03-03 12:50:20', '2023-03-03 12:50:20'),
(240, 'customer', 'Bernie', 'Jones', '42867 Schimmel Meadows', '401.762.8491 x2', 'Cristopher.Carter31@hotmail.com', '$2b$10$PvOCVfcsCSqKdVxDeWtKOuyZ14CnOkeiNtloTf5c2P8ixo1wI9VGW', NULL, '2023-03-03 12:50:20', '2023-03-03 12:50:20'),
(241, 'customer', 'Ramona', 'Quitzon', '88296 Imelda Keys', '264.774.2997 x6', 'Murl.Rice3@gmail.com', '$2b$10$VvP6NlhjfiODOnEVKJ.53uBomsLmGcZ5I6P.kZT4o/TlB6HJ8nnly', NULL, '2023-03-03 12:50:20', '2023-03-03 12:50:20'),
(242, 'customer', 'Rod', 'Kerluke', '921 Hazle Parkways', '939-994-2029', 'Estevan_Raynor5@yahoo.com', '$2b$10$XiE99q2VsfJpA/RorPGZWO2RE0OjnLzqSaq7ILbUjVIPWwP2T6w0G', NULL, '2023-03-03 12:50:20', '2023-03-03 12:50:20'),
(243, 'customer', 'Colleen', 'Spencer', '8045 Meredith Highway', '1-260-962-7744 ', 'Jerry.Lindgren@gmail.com', '$2b$10$J/TJhpsO6c7nIoJDzZD7ZutO8UCT2pGRtl9LvQn8K4.RP8fddjfHW', NULL, '2023-03-03 12:50:20', '2023-03-03 12:50:20'),
(244, 'customer', 'Emelia', 'Stroman', '267 Jarvis Forks', '1-452-683-5781 ', 'Marvin_Schmidt88@gmail.com', '$2b$10$cAHC7nLlXwc0/KCPCQdHFeQekJqJylO4cbWVWCP64EqOTUDtYv87i', NULL, '2023-03-03 12:50:20', '2023-03-03 12:50:20'),
(245, 'customer', 'Raphaelle', 'Schinner', '33496 Wanda Road', '1-860-400-3763 ', 'Julien_Boyle99@hotmail.com', '$2b$10$L4lcdA7H0IkGPa/Ga/lw3OxyQaFSHQ/X7qqzgYuNQW.spVYe0Y0zK', NULL, '2023-03-03 12:50:20', '2023-03-03 12:50:20'),
(246, 'customer', 'Briana', 'Carroll', '7582 Herman Manors', '1-494-463-8246', 'Monserrat_Corwin@yahoo.com', '$2b$10$VLcES6jPVwCUolcay1ipDu/eqP3/F6MgAenqhQf4wIJBAa8zB1pDy', NULL, '2023-03-03 12:50:20', '2023-03-03 12:50:20'),
(247, 'customer', 'Felicita', 'O\'Keefe', '237 Strosin Burgs', '882-726-7562 x2', 'Marlee.Orn@yahoo.com', '$2b$10$9i/DGaa0VsUBqviZE.eMiu.NH7u3XdPVYFbpEZ3HmiAbOjtAoh4Ji', NULL, '2023-03-03 12:50:20', '2023-03-03 12:50:20'),
(248, 'customer', 'D\'angelo', 'Ullrich', '317 Bode Stream', '475-812-6362 x2', 'Dayana6@hotmail.com', '$2b$10$eOEu30g0pDQEDqdHrrpVbeuJAutclhldEmdEI76JRVmhr.66qr6cC', NULL, '2023-03-03 12:50:20', '2023-03-03 12:50:20'),
(249, 'customer', 'Nash', 'Hirthe', '16173 Earline Causeway', '1-270-359-7508 ', 'Roscoe_Legros@yahoo.com', '$2b$10$umVN87zoVidlEI5WYdQtoe/KTMZZrA8NMOFMzJwtIq7/vXVtMbinu', NULL, '2023-03-03 12:50:20', '2023-03-03 12:50:20'),
(250, 'customer', 'Angelina', 'Will', '994 Marley Drives', '1-981-233-6566 ', 'Pat_Wisoky26@yahoo.com', '$2b$10$Rg/OIx4oPcxwhZoXXXMJmuFUJ5IJyPA5PwgBRPuykcEXbFp2xv1Iq', NULL, '2023-03-03 12:50:20', '2023-03-03 12:50:20'),
(251, 'customer', 'Nelda', 'Upton', '313 Bernadine Lakes', '1-469-910-4035 ', 'Ike34@yahoo.com', '$2b$10$9ghGJNrHL9hI5xW4s23j2.FhPaM1ZC4Ty6ckqFyQK6adPnzG0vP96', NULL, '2023-03-03 12:50:20', '2023-03-03 12:50:20'),
(252, 'customer', 'Alexandro', 'Lowe', '258 Wiegand Pike', '(978) 281-4646', 'Trent_Bayer89@yahoo.com', '$2b$10$biX5LwVWvnusrj2KSxmRqup8EVeseT2tQIq9ipBXEz9Ybt19CuvFe', NULL, '2023-03-03 12:50:20', '2023-03-03 12:50:20'),
(253, 'customer', 'Kacey', 'Gleason', '38847 Bennie Heights', '1-297-591-1175 ', 'Declan.Larson47@gmail.com', '$2b$10$XorO3HFwCTnPrlK137iQXuYMjD0zHsauf3ZChEMdH1tn9NwMI6uUS', NULL, '2023-03-03 12:50:20', '2023-03-03 12:50:20'),
(254, 'customer', 'Zita', 'Terry', '7806 Lavonne Brook', '949.802.7282 x8', 'Brody.Lynch@gmail.com', '$2b$10$L.80yhIWNuSasu9Ib4xe/.GUlqNxhvtDglpClF44QE.y9TkIrNFTK', NULL, '2023-03-03 12:50:20', '2023-03-03 12:50:20'),
(255, 'customer', 'Valentin', 'Barrows', '98910 Janick Terrace', '906.561.8175 x5', 'Nichole_Nader@hotmail.com', '$2b$10$RB.YnM62vfN8vH8Bv5f5MuJlztM0bKkwCpGA9M9YTG36jaXlCkNxK', NULL, '2023-03-03 12:50:20', '2023-03-03 12:50:20'),
(256, 'customer', 'Francisco', 'Kovacek', '72050 Goldner View', '(279) 957-8994 ', 'Lulu.OReilly@yahoo.com', '$2b$10$vcQLW25jh77tpg.7GIown.8dNGeSksWJ7HuwuhvlInNieeDdDsVOm', NULL, '2023-03-03 12:50:20', '2023-03-03 12:50:20'),
(257, 'customer', 'Trent', 'White', '72034 Brekke Cove', '492-360-7681 x4', 'Gussie19@yahoo.com', '$2b$10$VfHd6qBVto.1dGGofzbHReZjyYUjRKhGmxZMoHEyX3cOBCafSlszO', NULL, '2023-03-03 12:50:20', '2023-03-03 12:50:20'),
(258, 'customer', 'Zoie', 'Veum', '470 Emard Forges', '1-997-670-2076 ', 'Rod45@gmail.com', '$2b$10$TL2XQ2TS/SQ3JoKBdADwf..teeXGST/gvEz7lgslbUOK8UPMhQ6ku', NULL, '2023-03-03 12:50:20', '2023-03-03 12:50:20'),
(259, 'customer', 'Alvah', 'Gerhold', '9347 Letha Ways', '(939) 222-4274 ', 'Kelley85@gmail.com', '$2b$10$0/1BMxL37VSxWuhJvtEILu9XJvsptry4XngWZgYLqa38sS6LkNuqO', NULL, '2023-03-03 12:50:20', '2023-03-03 12:50:20'),
(260, 'customer', 'Demarcus', 'Mueller', '89100 Dicki Meadow', '273-437-8286 x3', 'Concepcion.Mills@yahoo.com', '$2b$10$yMc4sHSaYbjKOCS8fwGHOOvTSXPNf9soZKAU2UaEriMdobAu3sBTe', NULL, '2023-03-03 12:50:20', '2023-03-03 12:50:20'),
(261, 'customer', 'Alexander', 'Stamm', '24277 Grover Court', '(924) 413-8240 ', 'Hailey_Hilpert@hotmail.com', '$2b$10$wXFgJxk/28vk4HiKYEJUm.JKTt3kw1i0qXkSEB2s6TunUOD4cLG3C', NULL, '2023-03-03 12:50:20', '2023-03-03 12:50:20'),
(262, 'customer', 'Beaulah', 'Schoen', '86366 Lizzie Track', '658-286-2038 x2', 'Mattie.Hand@yahoo.com', '$2b$10$fosgI.gjBiTg8CxAVI2iPehAn.DKI2LNrGtS5hIyzSOAQGNe.IbSW', NULL, '2023-03-03 12:50:20', '2023-03-03 12:50:20'),
(263, 'customer', 'Wiley', 'Krajcik', '89336 Colton Trail', '1-708-849-4542 ', 'Angelica_Gottlieb10@hotmail.com', '$2b$10$ZOWFYfeDbTsYHORtLHq.1uHvp6tRJIyFiwDuiJrHC22mijryZOfMC', NULL, '2023-03-03 12:50:20', '2023-03-03 12:50:20'),
(264, 'customer', 'Timothy', 'Schowalter', '5605 Macejkovic Walks', '931.691.4746', 'Antonina.Walker47@hotmail.com', '$2b$10$YSzOXiZhBcBtQmTmOgavC.Wz2ui4AYc4uk4Iq4NMaIcZzod8gSmJm', NULL, '2023-03-03 12:50:20', '2023-03-03 12:50:20'),
(265, 'customer', 'Mariela', 'Skiles', '24011 Mertz Well', '627.296.4029 x5', 'Noah_Bernhard@gmail.com', '$2b$10$RUayhx97C8TuvFS9QVWM/.CTCFLwDcBRjzOJ/7Sg/VmkqLc4SdNDa', NULL, '2023-03-03 12:50:20', '2023-03-03 12:50:20'),
(266, 'customer', 'Anita', 'Ryan', '714 Miracle Expressway', '458.201.0698', 'Anibal_Shields26@hotmail.com', '$2b$10$tw9ZC40bOlER2cOA4SP7q.yepKFpKOOCUy/YpGTJ8S.o2ah64rfQ2', NULL, '2023-03-03 12:50:20', '2023-03-03 12:50:20'),
(267, 'customer', 'Natalie', 'Cummerata', '09713 Swift Island', '(250) 922-6698 ', 'Saige.Nienow@gmail.com', '$2b$10$gixIrILj5c8D1h2fjkuSwOq1TKP9JXpDgV6XFQgGTBSa8rjvty4AW', NULL, '2023-03-03 12:50:20', '2023-03-03 12:50:20'),
(268, 'customer', 'Timmy', 'Watsica', '65598 Nikolaus Orchard', '1-683-383-7215 ', 'Selina.Schiller83@gmail.com', '$2b$10$goTDCuIa4uHZVMO8l2z.meuTAgMWcKJBQeSf4W67BMzX445j0OFji', NULL, '2023-03-03 12:50:20', '2023-03-03 12:50:20'),
(269, 'customer', 'Ashton', 'Denesik', '96597 Madison Stream', '775-924-2843 x7', 'Jose92@yahoo.com', '$2b$10$im4o5diQKQS1YdHCLfx/BuUKxmq3abvKiKykJAH76d4VujbNKO8e.', NULL, '2023-03-03 12:50:20', '2023-03-03 12:50:20'),
(270, 'customer', 'Vicenta', 'Bergstrom', '66569 Halvorson Highway', '(537) 333-2515 ', 'Myrl10@yahoo.com', '$2b$10$alg4S5WTr8DXKA3VTWrPR.qgryUvAKskod8VFX7EzZBZGU4p0NSv2', NULL, '2023-03-03 12:50:20', '2023-03-03 12:50:20'),
(271, 'customer', 'Baby', 'Hilpert', '9028 Julius Terrace', '275-848-2080', 'Rogers83@hotmail.com', '$2b$10$T0O8D7Mt3KjElFv0B9Jap.Iy6hiBFsRJLU6R..Xhe7/8EApEV7vHG', NULL, '2023-03-03 12:50:20', '2023-03-03 12:50:20'),
(272, 'customer', 'Ocie', 'McKenzie', '875 Jonas Curve', '612-989-3445 x4', 'Yvonne_Rolfson39@yahoo.com', '$2b$10$mhWQS/o1izv6WITo90wFO.5f9G/w7z/4cnZcFCsWn13Z9ieOAF/d6', NULL, '2023-03-03 12:50:20', '2023-03-03 12:50:20'),
(273, 'customer', 'Marina', 'Veum', '2103 Kuvalis Fords', '1-819-908-8981 ', 'Gene25@gmail.com', '$2b$10$KhZxIpnQmRYv6NApwGehROMDy0B4DoHz7LAxoRaINvaxG5gtwHw9.', NULL, '2023-03-03 12:50:20', '2023-03-03 12:50:20'),
(274, 'customer', 'Leonie', 'Keeling', '53707 Bosco Crescent', '1-362-568-9483 ', 'Russell_Renner@gmail.com', '$2b$10$QUG5TZo/AmnMYGi1S.CYr.z5dMtLwqh8IFDld16RChq/5Tw6AaKkS', NULL, '2023-03-03 12:50:20', '2023-03-03 12:50:20'),
(275, 'customer', 'Malika', 'Rodriguez', '8013 Schiller Fords', '407-298-3459 x9', 'Helena.Harber@gmail.com', '$2b$10$TzGLlZ9Ria5oJhAU6M8R1OLBeXSNw2vFOUyziYFcWUhfzrPPrCYeC', NULL, '2023-03-03 12:50:20', '2023-03-03 12:50:20'),
(276, 'customer', 'Malika', 'Braun', '69418 Richie Ferry', '410-870-6875 x5', 'Everardo_Abbott79@gmail.com', '$2b$10$PsxSbtNOoIqu4.NuqjbaHOvJ7n12GLBbRR.RxawRAs07/aUkqldg6', NULL, '2023-03-03 12:50:20', '2023-03-03 12:50:20'),
(277, 'customer', 'Kathleen', 'Goyette', '18710 Stamm Lock', '547.623.6175 x7', 'Flavio_Deckow56@yahoo.com', '$2b$10$mLBPI2FdF8kRZxmpqQtvJ.hjseda8wB7cbKhmTtZF7JEuc1rOmPXe', NULL, '2023-03-03 12:50:20', '2023-03-03 12:50:20'),
(278, 'customer', 'Devante', 'Harris', '469 Jada Forks', '1-376-444-8114 ', 'Horace.Lubowitz98@yahoo.com', '$2b$10$Uop.5j.m3.5E/KxJ2hpuuOKsdegoVtRzVLxGxQxNn/6Du7iXt2INa', NULL, '2023-03-03 12:50:20', '2023-03-03 12:50:20'),
(279, 'customer', 'Gabrielle', 'Schiller', '815 Brittany Groves', '384.372.3679 x4', 'Morton.Rohan45@hotmail.com', '$2b$10$5StLdBnckfC/ljBD9Qm9uOp0gP5tDBCGCasoAcXwLrAXgsMYlLJvG', NULL, '2023-03-03 12:50:20', '2023-03-03 12:50:20'),
(280, 'customer', 'Ila', 'VonRueden', '2440 Kilback Gateway', '(853) 891-9149 ', 'Nakia57@yahoo.com', '$2b$10$HfvIsLcfS/Ys8HowP9f/G.nJo.c/uaztZ5A3bejiz5lwjQBrK9vsW', NULL, '2023-03-03 12:50:20', '2023-03-03 12:50:20'),
(281, 'customer', 'Charity', 'Rowe', '79984 Koelpin Field', '921-753-5652', 'Dina.Denesik56@yahoo.com', '$2b$10$78cCbK4Pz2V5NHHYEdZXZOj8mTfxhvrjdcae5OiLnsNjB2c0RNRj.', NULL, '2023-03-03 12:50:20', '2023-03-03 12:50:20'),
(282, 'customer', 'Furman', 'Schamberger', '31234 Deven Radial', '1-771-969-7975 ', 'Keeley.Runte53@yahoo.com', '$2b$10$t8EIbXZ7T3b.Vp6JPTMJiuUcEIVZwYE4XcY5zXFheoMcKfHzT1N5C', NULL, '2023-03-03 12:50:20', '2023-03-03 12:50:20'),
(283, 'customer', 'Lelah', 'Schuster', '25802 Megane Tunnel', '1-515-277-2097 ', 'Kraig72@yahoo.com', '$2b$10$MY6o9EvGSwrDRSgzpOl2KOpd4ak.SzExiNuerD5oTmu/YGmPWFDIq', NULL, '2023-03-03 12:50:20', '2023-03-03 12:50:20'),
(284, 'customer', 'Ivory', 'Hyatt', '211 Anissa Locks', '(885) 863-2797', 'Lulu50@yahoo.com', '$2b$10$qu1KcuLms8yZSrsRdJx4EOS.1Lz442Yj4ONmyyGLk34Ung8t.5iK.', NULL, '2023-03-03 12:50:20', '2023-03-03 12:50:20'),
(285, 'customer', 'Ubaldo', 'Doyle', '04415 Eladio Lights', '392.770.9948 x9', 'Aracely2@hotmail.com', '$2b$10$1CExk/zZfoFDlD/6mcqSJ.BhFziK8eAIf50knZa03M1zjkAAad/Rq', NULL, '2023-03-03 12:50:20', '2023-03-03 12:50:20'),
(286, 'customer', 'Carley', 'Labadie', '74778 Veum Glens', '503.973.6740', 'Zander_Wintheiser79@hotmail.com', '$2b$10$o72J9xmm2uPTwsDUF6rhv.QMx32JeVmEOR0Ckdak.26Y19DHZVwL.', NULL, '2023-03-03 12:50:20', '2023-03-03 12:50:20'),
(287, 'customer', 'Antonina', 'Jenkins', '8287 Bernier Bypass', '1-547-887-1866 ', 'Andres.MacGyver47@hotmail.com', '$2b$10$/AioSHbPr6DDy./DHa1kJefUSFHZJT8eu3FQulJltN.azPkyGm6GG', NULL, '2023-03-03 12:50:20', '2023-03-03 12:50:20'),
(288, 'customer', 'Richmond', 'Schoen', '4603 Neal Key', '377-423-1593 x3', 'Jeffry_Collins@hotmail.com', '$2b$10$Bzr448W3HtAjCSHO7CB6juMkGi87jp5MHy7mQPuodLUyH4jGcCCvS', NULL, '2023-03-03 12:50:20', '2023-03-03 12:50:20'),
(289, 'customer', 'Stephon', 'Rolfson', '07170 Hirthe Loop', '695.980.0563 x1', 'Kelsie_Dietrich64@gmail.com', '$2b$10$lBGUJHPnGKAJ/914IeSFTumqt7VTYJMkOV9O0WjIaoX6z2ZKnNcEC', NULL, '2023-03-03 12:50:20', '2023-03-03 12:50:20'),
(290, 'customer', 'Nick', 'Willms', '6883 Bruen Roads', '880-653-3809 x3', 'Jordon_Veum@hotmail.com', '$2b$10$iPxH8dZAqdV.qrdNSi2YL.b8FBY5LYBbYARqqih4xpThvGh0lM022', NULL, '2023-03-03 12:50:20', '2023-03-03 12:50:20'),
(291, 'customer', 'America', 'Will', '7991 Lakin Estate', '1-524-842-0569 ', 'Sheridan_Fadel93@gmail.com', '$2b$10$.Me8wTvp4UOScdz5gV89te0DcEtlbOfpa5oIRZCwadm5BSs9gEPxu', NULL, '2023-03-03 12:50:20', '2023-03-03 12:50:20'),
(292, 'customer', 'Jerrod', 'Stark', '3917 Angus Shores', '(678) 811-7563', 'Julian_Herman98@gmail.com', '$2b$10$RRLGy7e0uFtGiaGBnCtLw.ZynvY/AGY2MAnknsNMWG5xfrpyDx8vu', NULL, '2023-03-03 12:50:20', '2023-03-03 12:50:20'),
(293, 'customer', 'Dortha', 'Kub', '92850 Brandyn Brooks', '(203) 610-9571 ', 'Lourdes.Daugherty48@gmail.com', '$2b$10$58.3K6UZAL5t5NGxUtUTUON5qTdS/kzNtF3F/2mdZM/2hIU2TElnm', NULL, '2023-03-03 12:50:20', '2023-03-03 12:50:20'),
(294, 'customer', 'Maria', 'Legros', '47495 Trycia Park', '832.736.1600 x5', 'Penelope71@hotmail.com', '$2b$10$vaiAHZyZKqJwZKeqEt8eD.wvNotGzExgCMFEce9cGx34MsdjGUqfm', NULL, '2023-03-03 12:50:20', '2023-03-03 12:50:20'),
(295, 'customer', 'Roel', 'Volkman', '89158 Lang Manor', '516.347.3667 x7', 'Orrin.Purdy@gmail.com', '$2b$10$FG/kEtTGX2qEOHTbGtqiUO1SEHm20bXYo.NNwGXGBpsd3taQD2fG6', NULL, '2023-03-03 12:50:20', '2023-03-03 12:50:20'),
(296, 'customer', 'Esta', 'McKenzie', '505 Laurie Streets', '(760) 899-5766', 'Emie_Erdman86@gmail.com', '$2b$10$Wlom1WdgdKKaOMxSUDoCOuGpfuWEfmC4fHwMychnA5.MTuWDVqLVS', NULL, '2023-03-03 12:50:20', '2023-03-03 12:50:20'),
(297, 'customer', 'Ezekiel', 'Lubowitz', '806 Mikel Walk', '(472) 954-0215', 'Cristobal_Kemmer@gmail.com', '$2b$10$onLmWD4cERG3OT0SXdvIGOlZmyo9achYLpnqIw/rfWDc/RPUy0NUi', NULL, '2023-03-03 12:50:20', '2023-03-03 12:50:20'),
(298, 'customer', 'Daphnee', 'Littel', '95194 Salvador Cape', '287.864.0290 x4', 'Francisco10@gmail.com', '$2b$10$us6zgZ3lEdNMdd8E/ivtO.Zhqkha2.DIMu8SzM4qjMsn8jMMVZ5.a', NULL, '2023-03-03 12:50:20', '2023-03-03 12:50:20'),
(299, 'customer', 'Damaris', 'Schowalter', '0262 Stephanie Radial', '(806) 548-5831', 'Dana.Bosco31@gmail.com', '$2b$10$/eET1iVm.tu4ebB8WXp/V.FivwWQy/peU1VkPMt7nKZx4uMB/LeB6', NULL, '2023-03-03 12:50:20', '2023-03-03 12:50:20'),
(300, 'customer', 'Lottie', 'Marks', '889 Emmitt Divide', '709-551-5227 x1', 'Isaac78@yahoo.com', '$2b$10$rpXCcfyUMz2VkNVcrO.l3u0U/ycu0T7dC5uBlLrDOfr5ndbdJfJ6G', NULL, '2023-03-03 12:50:20', '2023-03-03 12:50:20'),
(301, 'customer', 'Augustine', 'Parker', '429 Bartholome Motorway', '1-276-277-1113 ', 'Tamara.Walsh@gmail.com', '$2b$10$HH6HAP.Vcsknwac1gWGA7..bFuDcVQDKipNtTrvsOO/B0r5y1PcwW', NULL, '2023-03-03 12:50:20', '2023-03-03 12:50:20'),
(302, 'customer', 'Brad', 'Effertz', '3228 Kristin Junctions', '287.802.0747 x0', 'Libby.Dare@hotmail.com', '$2b$10$huwZ5VyxO3dXRIKtQMRKNu7ugE//FYboluqyirJH9p8JXsE8GRImi', NULL, '2023-03-03 12:50:20', '2023-03-03 12:50:20'),
(303, 'customer', 'Nakia', 'Murray', '50416 Lucienne Plain', '429-874-7601 x0', 'Brielle9@gmail.com', '$2b$10$mqkZER4NNH9CIDlv0EdM.ukUem5PzXS4ZAGsKkwVbZjMkMlJ7butC', NULL, '2023-03-03 12:50:20', '2023-03-03 12:50:20'),
(304, 'customer', 'Daren', 'Vandervort', '21631 Alfred Greens', '1-803-962-6063', 'Emelia65@gmail.com', '$2b$10$ui/hJYWhKytfWVBGrO9e0.uZ4KWlsVB1wLmYOaHSeAwaa1VU681eW', NULL, '2023-03-03 12:50:20', '2023-03-03 12:50:20'),
(305, 'customer', 'Jacey', 'Heidenreich', '3745 Walter Road', '1-704-582-0532 ', 'Melvina49@gmail.com', '$2b$10$wWXDmVVnPlh9sMuF7jjQRO4e5uj964RMFEXqmN4KMF/PIYkf5QaBW', NULL, '2023-03-03 12:50:20', '2023-03-03 12:50:20'),
(306, 'customer', 'Anastacio', 'Adams', '21025 Annamarie Rest', '(387) 214-6067 ', 'Max.Oberbrunner@gmail.com', '$2b$10$LWeb38905Ov96/6kc6ciJuUwHUhmzNOTxcKXK13SiIyTK59vPyhJa', NULL, '2023-03-03 12:50:20', '2023-03-03 12:50:20'),
(307, 'customer', 'Lucy', 'Marvin', '7644 Cecil Tunnel', '466-512-5191 x6', 'Cortez_Carter50@hotmail.com', '$2b$10$7BIuFAlaH7YamTgtqa5Cdurw.b0nn5UPGe3YXQeHtEh0NooJcJjo.', NULL, '2023-03-03 12:50:20', '2023-03-03 12:50:20'),
(308, 'customer', 'Delfina', 'Schulist', '819 Leffler Mission', '(319) 782-6452 ', 'Ariel.Simonis90@gmail.com', '$2b$10$Xn46l9CCjfIIpSWFeYEswe9ygmjWq62Mq3q3sE28scI71ItVXqSGW', NULL, '2023-03-03 12:50:20', '2023-03-03 12:50:20'),
(309, 'customer', 'Rahul', 'Stoltenberg', '4221 Paucek Skyway', '614-504-6278 x9', 'Carley97@yahoo.com', '$2b$10$ptSxeE/FmezD.ikNwuZibuRUDaTHKm/fAUUNxpWo03V3c6e6TcTcK', NULL, '2023-03-03 12:50:20', '2023-03-03 12:50:20'),
(310, 'customer', 'Andrew', 'Schuster', '6958 Rogahn Harbors', '712.992.5526 x7', 'Quinton_Hessel4@hotmail.com', '$2b$10$IffRn1.HK.terv.kpHvDS.tqnplvepxxUwu6rZX6XLqo5qu77siMq', NULL, '2023-03-03 12:50:20', '2023-03-03 12:50:20'),
(311, 'customer', 'Carlotta', 'Hammes', '871 Mittie Turnpike', '950.601.6406 x0', 'Jess_Howell2@yahoo.com', '$2b$10$D3jW3MB3Az2JEg1rXNtyi.aXRxWvlPqexyuj7zTslEcUnXnXuvILa', NULL, '2023-03-03 12:50:20', '2023-03-03 12:50:20'),
(312, 'customer', 'Caden', 'Boyer', '504 Yessenia Common', '939-623-9358', 'Junior0@gmail.com', '$2b$10$88LTqRdw1UifTgQhXiTctuivuJsBNYjS24Mex56VNAQcuuMNW4I56', NULL, '2023-03-03 12:50:20', '2023-03-03 12:50:20'),
(313, 'customer', 'Stephen', 'Barrows', '966 Steuber Via', '(909) 853-7746 ', 'Della_Hamill41@yahoo.com', '$2b$10$B68/2iCl3R8DCaZ8vf99TexWQC/lvs/U7jrMEc8Dl/YkNiQwFpzui', NULL, '2023-03-03 12:50:20', '2023-03-03 12:50:20'),
(314, 'customer', 'Miller', 'Morissette', '085 Mills Extensions', '1-627-328-2429 ', 'Fabiola.Ratke@gmail.com', '$2b$10$4rvg3rPbK7fVTwwBCFvHZe19u7njDTnt9QkKhl9MY2bLUL53hw7va', NULL, '2023-03-03 12:50:20', '2023-03-03 12:50:20'),
(315, 'customer', 'Dan', 'Johns', '107 Stark Pike', '(872) 225-6264 ', 'Xander_Halvorson@gmail.com', '$2b$10$NrNQJGWSbFW73bN/XUjZBeCx8.WFdWIibJTA1wEPaOFAWQ3Rtj3D6', NULL, '2023-03-03 12:50:20', '2023-03-03 12:50:20'),
(316, 'customer', 'Marina', 'Weimann', '98293 Wuckert Estate', '(973) 822-6309 ', 'Walker.Boyer91@gmail.com', '$2b$10$HB9.gJjBUSIr.YFgXJkmm.Va6dHvRgAevjK4Y1jUEoRVQkLqjy/AC', NULL, '2023-03-03 12:50:20', '2023-03-03 12:50:20'),
(317, 'customer', 'Claudie', 'Koelpin', '110 Conor Haven', '471.830.3087 x5', 'Mckenzie.Kirlin@yahoo.com', '$2b$10$7YQSxgekxvNkjVZ29bfzYeCbKekFnAh9sYwU.oUMxtbepH3I2hpxe', NULL, '2023-03-03 12:50:20', '2023-03-03 12:50:20'),
(318, 'customer', 'Dolores', 'Turcotte', '9542 Matteo Grove', '894.266.7459 x2', 'Greta.Medhurst15@hotmail.com', '$2b$10$gAw2J6QeC1hEU9FGvkcXaOdzLrfbe4IeC2ZwQ7j88aFtNe1p3EfYy', NULL, '2023-03-03 12:50:20', '2023-03-03 12:50:20'),
(319, 'customer', 'Adolph', 'Bernier', '5860 Kling Ridge', '1-283-614-8168 ', 'Hertha_Kovacek@hotmail.com', '$2b$10$OL5HiPkAxd/7PqW8Xu7dE.oGlXsXozzElEkeN2GJo...xnV34oo9.', NULL, '2023-03-03 12:50:20', '2023-03-03 12:50:20'),
(320, 'customer', 'Demarcus', 'Metz', '8037 Rickey Grove', '592.549.4513 x4', 'Chadrick6@gmail.com', '$2b$10$74cg8OgJX0cMMNAAU99qe.qeyXvDsXehpF45vro8BLKIds8XgHlea', NULL, '2023-03-03 12:50:20', '2023-03-03 12:50:20'),
(321, 'customer', 'Kaycee', 'Reichel', '15383 Carmella Ranch', '254.872.5985 x4', 'Josianne22@gmail.com', '$2b$10$W36BQiBVWbC3Ivhk9sXTMOSpcoreU4IAuJU1fqNAfwi7ndxP1g82i', NULL, '2023-03-03 12:50:20', '2023-03-03 12:50:20'),
(322, 'customer', 'Mafalda', 'Wiza', '72026 Brayan Stream', '226.263.8517 x6', 'Max_Hermann56@yahoo.com', '$2b$10$kMYNo8FdqvfjFdaVz0b0bexuLCcF0xIU6MEixgCCk3VKEE/gN0TVC', NULL, '2023-03-03 12:50:20', '2023-03-03 12:50:20'),
(323, 'customer', 'Eve', 'Hartmann', '9675 Elsie Drives', '230.290.9065 x7', 'Sandy_Bogisich@yahoo.com', '$2b$10$g9QpVu61Hw5N6S6/dcBm8etZH1B8.8BrzFeDHIYjO5mqbTQLiaRBi', NULL, '2023-03-03 12:50:20', '2023-03-03 12:50:20'),
(324, 'customer', 'Keon', 'Willms', '9744 Marcelle Forks', '1-788-826-2017 ', 'Lori82@yahoo.com', '$2b$10$EJ/aki0dRtgT65C2OpyLy.uzKUQfAfB7kDzNlAurvvYwO0P1fTk/O', NULL, '2023-03-03 12:50:20', '2023-03-03 12:50:20'),
(325, 'customer', 'Rosemarie', 'Beatty', '269 Langosh Square', '429.865.9647', 'Leilani_Pfannerstill79@yahoo.com', '$2b$10$/XtachM6AnOCc4c9wa1Hf.CVW296bKA1fOdxr6ZNhRHbF8Z.Pmy0e', NULL, '2023-03-03 12:50:20', '2023-03-03 12:50:20'),
(326, 'customer', 'Noble', 'Mayer', '30444 Brown Crescent', '(477) 390-9723 ', 'Darwin_Bogisich10@hotmail.com', '$2b$10$9w3iz4upF/TXEpqHQfbnhu/enMGOa0ZUNiqvv4bQLrUMQgaCjdbXe', NULL, '2023-03-03 12:50:20', '2023-03-03 12:50:20'),
(327, 'customer', 'Pietro', 'Yundt', '0497 Hartmann Lane', '(278) 473-9290 ', 'Sarah55@yahoo.com', '$2b$10$B8mUrf4r0bICMAGmOpt4p.qXejYMGPka4BGYy95HoUVxhEO5mIp4e', NULL, '2023-03-03 12:50:20', '2023-03-03 12:50:20'),
(328, 'customer', 'Kathleen', 'Schoen', '26061 Hintz Fort', '747.261.6164', 'Heidi68@gmail.com', '$2b$10$kne/xm7xzCgJ6jQ7Jniqh.VUmE52/iKexLnR9eQSfw74S/a7vLOFS', NULL, '2023-03-03 12:50:20', '2023-03-03 12:50:20'),
(329, 'customer', 'Dora', 'Langosh', '236 Lola Field', '1-844-582-5362 ', 'Aurelie_Sanford@yahoo.com', '$2b$10$OG9KZNIPXMMvneM1zmaDcuyS26WK.yHP6mcs8Q5Z9ZuoowaagQv8e', NULL, '2023-03-03 12:50:20', '2023-03-03 12:50:20'),
(330, 'customer', 'Elenor', 'Hickle', '527 Kertzmann Village', '(226) 968-2464 ', 'Tianna_Kuphal85@yahoo.com', '$2b$10$VyTJzceWZpSNIkse5GcD6OBqtR1kFdjz6Jc6zNg3zZJkNffpszCJ2', NULL, '2023-03-03 12:50:20', '2023-03-03 12:50:20'),
(331, 'customer', 'Hilda', 'Greenholt', '0171 Bruen Hill', '587-609-7496 x1', 'Brown_Olson90@hotmail.com', '$2b$10$bQYC5/wGKpwpVV7n9SJhVOcTUoUQV7khuQaE3Tqot6LGZAO0IlnIW', NULL, '2023-03-03 12:50:20', '2023-03-03 12:50:20'),
(332, 'customer', 'Virgie', 'Harber', '2658 Montana Glen', '1-563-924-4773', 'Gabe_Ryan@hotmail.com', '$2b$10$shYD2vTQJUAuF8vUeiK5Ke3QN7A1ME/64RMPOlJdJbXi/SQ60/K5W', NULL, '2023-03-03 12:50:20', '2023-03-03 12:50:20'),
(333, 'customer', 'Aiden', 'Jacobi', '421 Armstrong Trace', '905-239-0466 x0', 'Nikko.Leffler@gmail.com', '$2b$10$PSbmQC/3o/AxTEK11ZWOFO.XdKdl3.Ft8PXOmWIiVIFeu/08P5w7W', NULL, '2023-03-03 12:50:20', '2023-03-03 12:50:20'),
(334, 'customer', 'Kaylin', 'Tremblay', '045 Lakin Ramp', '427-351-1353', 'Fabiola_Olson@hotmail.com', '$2b$10$A.e0lwTAN2voBx2xwEnTD.mmFX9a5izlDu8haUt3qlZT/osFvQDG.', NULL, '2023-03-03 12:50:20', '2023-03-03 12:50:20'),
(335, 'customer', 'Virgie', 'Mills', '4874 Mosciski Square', '(787) 605-7348', 'Estelle26@gmail.com', '$2b$10$g5q.Q.Px1z23vNa1RNG.P.103sSJieslyLcGrKN1XjCagAcF.zmCW', NULL, '2023-03-16 10:41:39', '2023-03-16 10:41:39'),
(336, 'customer', 'Bethany', 'Feest', '469 Heidenreich Rapid', '(842) 798-6397 ', 'Gilda.Klocko38@hotmail.com', '$2b$10$QfgvKXO7ZioWTv/89QrXCeelx0LevZAgKxxSyUtCfM.xGUoRf368a', NULL, '2023-03-16 10:41:50', '2023-03-16 10:41:50'),
(337, 'customer', 'Corrine', 'Kunze', '004 Jamil Keys', '(438) 940-9474 ', 'Kay_Schneider@gmail.com', '$2b$10$wLoDHCd.yJcfKT/GAopzruXV343y5x4sAogEJu4P3b2Smpctt7W4m', NULL, '2023-03-16 10:41:53', '2023-03-16 10:41:53'),
(338, 'customer', 'Stan', 'Bartell', '65042 Nolan Locks', '553-385-3326 x8', 'Jesus_Brown41@yahoo.com', '$2b$10$EOSYYx4uiT2NTbaVcUWFzOdo3A1BlnqiXLlIXTlvf3U6uMGjEXKWS', NULL, '2023-03-16 10:41:53', '2023-03-16 10:41:53'),
(339, 'customer', 'Lesly', 'Paucek', '104 Austin Cliff', '565.786.1181 x4', 'Sam29@yahoo.com', '$2b$10$Cs0SbOhrqbvHsHpZYsjIUupBy2P8oE0SqQ4iDKSR6LmQXH0B9Dxxi', NULL, '2023-03-16 10:41:53', '2023-03-16 10:41:53'),
(340, 'customer', 'Marcelle', 'Goyette', '72814 Kuphal Lodge', '833-731-7427 x3', 'Bryana_Kassulke77@yahoo.com', '$2b$10$PaUQupOd6/D4VgFfNOEu1uzj/kbLUzzflDpn2Z8CQ3uwU6Yu3faLq', NULL, '2023-03-16 10:41:53', '2023-03-16 10:41:53'),
(341, 'customer', 'Stanton', 'Wolf', '277 Bayer Parkway', '(640) 813-9346 ', 'Marilyne_Herzog89@yahoo.com', '$2b$10$sGVPHqRmniuK3R5mx9N8LOw9TnLqo11s7FLZdKLKDPjh9Z2yZblXq', NULL, '2023-03-16 10:41:53', '2023-03-16 10:41:53'),
(342, 'customer', 'Lafayette', 'Windler', '20378 Triston Lakes', '260-616-0022 x2', 'Kale_Brakus35@gmail.com', '$2b$10$bX.7DbR0lNteAQeEAD/nk.QqtkVhYEj7Zt9dQrGzVKxsHOyawM7TO', NULL, '2023-03-16 10:41:53', '2023-03-16 10:41:53'),
(343, 'customer', 'Oral', 'Weissnat', '868 Wilford Grove', '494-567-2619 x5', 'Tobin15@hotmail.com', '$2b$10$D7K64EwS60UBgoT.X2QVTeu1WeWF5fJdU2ePQnR97zGlYDZNgQYlW', NULL, '2023-03-16 10:41:53', '2023-03-16 10:41:53'),
(344, 'customer', 'Gilda', 'Keeling', '59162 Collier Ford', '1-374-919-0554', 'Elyse_Boehm46@gmail.com', '$2b$10$W3mjAtdPRwWprSv.fupuTekshkF.6NO78D7O5/F7tLyiFbu7yqZ5.', NULL, '2023-03-16 10:41:53', '2023-03-16 10:41:53'),
(345, 'customer', 'Kristofer', 'Boyle', '143 Weissnat Neck', '1-379-543-7453 ', 'Nathan.Wuckert@yahoo.com', '$2b$10$rRbaR.dyicsJEMaaborHbuXluYykv0XSsSain7CZLwYKL9uJ0HMny', NULL, '2023-03-16 10:41:53', '2023-03-16 10:41:53'),
(346, 'customer', 'Johan', 'Wilkinson', '234 Cummings Center', '216-854-4745', 'Carmelo89@gmail.com', '$2b$10$g/3xIZNjOum51sodnbv6fOaGnipd17lXzb27Z5AUxmJUpon8FIG6S', NULL, '2023-03-16 10:41:53', '2023-03-16 10:41:53'),
(347, 'customer', 'Tracey', 'Jones', '503 Olson Crossing', '(329) 979-7883 ', 'Jacklyn85@yahoo.com', '$2b$10$lYux9Q7qYiu0IxOthVqxqujmYxhto.4VP8CbKaVNA/ErbQBKn/Nsq', NULL, '2023-03-16 10:41:53', '2023-03-16 10:41:53'),
(348, 'customer', 'Destinee', 'Pfannerstill', '080 Samson Squares', '574-701-5912 x1', 'Onie21@gmail.com', '$2b$10$DhMsRCzPAa7bG/kPy2FML.XLW.zMyyJvQufdfRyTj4cymV/cN1Of2', NULL, '2023-03-16 10:41:53', '2023-03-16 10:41:53'),
(349, 'customer', 'Judson', 'Lueilwitz', '707 Christy Mall', '428-722-8560 x1', 'Henri.Labadie@hotmail.com', '$2b$10$RYk6iuq8rl1zDshRzQqkFOJ7DkDkcpP789y/5cr5QQZ9UyGA1WDoO', NULL, '2023-03-16 10:41:53', '2023-03-16 10:41:53'),
(350, 'customer', 'Omer', 'Stark', '548 Orin Heights', '(460) 336-8524 ', 'Laurence_Blick94@hotmail.com', '$2b$10$m70iO4BSDHhTg1paPwf/5.3DmS5j5c7x7ioxU9It2m0s4St/62H12', NULL, '2023-03-16 10:41:53', '2023-03-16 10:41:53'),
(351, 'customer', 'Darrel', 'Borer', '56269 Magnus Crest', '1-819-769-6243', 'Raul56@yahoo.com', '$2b$10$kXrEC6YkxLW32gkpgemg9e9dUhhO883/fmI3L98OTNrdP1OXGXEbq', NULL, '2023-03-16 10:41:53', '2023-03-16 10:41:53'),
(352, 'customer', 'Toby', 'O\'Reilly', '922 Marvin Rapid', '1-552-580-7415 ', 'Alicia80@yahoo.com', '$2b$10$JTN/fFmZj9105EVo6cU93e65yNdtCcjHH2lA6n2st/r7JfrCw4HOG', NULL, '2023-03-16 10:41:53', '2023-03-16 10:41:53'),
(353, 'customer', 'Hassie', 'Stiedemann', '828 Huels Vista', '247-595-9702', 'Glenda.Stoltenberg47@gmail.com', '$2b$10$bkUYu5VdpAFE1t862O6tqeUSvyrPdTVAkeKWSI2NS2EYIWn3RlHBe', NULL, '2023-03-16 10:41:53', '2023-03-16 10:41:53'),
(354, 'customer', 'Brown', 'Batz', '906 Otho Underpass', '551-262-3218', 'Virginia_Barrows@yahoo.com', '$2b$10$DD9//GFILv5W4Lk1H4FIlOGYPAna1.u3ToQ70L4rjVmPtAGdFgxUC', NULL, '2023-03-16 10:41:53', '2023-03-16 10:41:53'),
(355, 'customer', 'Mathew', 'White', '47769 Adam Junction', '1-216-665-5711 ', 'Ramona45@gmail.com', '$2b$10$zF8/S7cFGQKOsfOJrzOiouyBDWs1OCoMZRF/1BB8iSkE8509Dsdq6', NULL, '2023-03-16 10:41:53', '2023-03-16 10:41:53'),
(356, 'customer', 'Kasey', 'Weber', '29610 Antonio Stream', '1-732-256-9293', 'Gerry1@hotmail.com', '$2b$10$AlR084CR1L2tFzTRUxKl7..gM4EepfYrjdd.5zq.TpbDU33XuI.ia', NULL, '2023-03-16 10:41:53', '2023-03-16 10:41:53'),
(357, 'customer', 'Hulda', 'Lang', '746 Otto Parkways', '(954) 352-4842 ', 'Lauriane.OKon80@gmail.com', '$2b$10$wIxpi7N/w2jbNjuTYuow0e5mplNM8crOIo8GkdyagdEKMAkmvBjRG', NULL, '2023-03-16 10:41:53', '2023-03-16 10:41:53'),
(358, 'customer', 'Corbin', 'Casper', '7716 Cormier Mountains', '1-850-435-6969 ', 'Johann_Schroeder88@hotmail.com', '$2b$10$e5r4n8tzPZTHJxqnGtK7zev02XE2n1lNFGmXkXrwgI/R8qLi8UWqy', NULL, '2023-03-16 10:41:53', '2023-03-16 10:41:53'),
(359, 'customer', 'Jaydon', 'Wuckert', '804 Witting Mall', '798.243.5490 x5', 'Brendon_Ebert95@hotmail.com', '$2b$10$2VZOLIxQU6h8TnWYmoLPG.4RcZYmEIKUcdSNiRE0twNkSJk4a1yf2', NULL, '2023-03-16 10:41:53', '2023-03-16 10:41:53'),
(360, 'customer', 'Mathias', 'Aufderhar', '283 Powlowski Road', '(999) 935-1344', 'Aniya.Bechtelar@yahoo.com', '$2b$10$7Ok9cvlj8N.5tVMB/jB7CuLOHDmMDONDTFFYySs9yoQLNb45yLiPO', NULL, '2023-03-16 10:41:53', '2023-03-16 10:41:53'),
(361, 'customer', 'Phoebe', 'Cummings', '623 Jessy Way', '1-289-771-9922 ', 'Devyn_Jacobi51@hotmail.com', '$2b$10$sPCp1LrRYLDVU4evLOFkhu4I/vASQnhBqGPtObLan.hmIkl/Y4pUG', NULL, '2023-03-16 10:41:53', '2023-03-16 10:41:53'),
(362, 'customer', 'Ryley', 'Jerde', '99445 Ullrich Route', '(811) 936-7640 ', 'Cierra.Dicki31@yahoo.com', '$2b$10$9mcM.1VaBY/Gy0t/oakqQOor2hR66nbkrNVVt2cMWNAeYoRNz5nYS', NULL, '2023-03-16 10:41:53', '2023-03-16 10:41:53'),
(363, 'customer', 'Kyler', 'Legros', '978 O\'Kon Courts', '1-753-578-8174 ', 'Milan26@hotmail.com', '$2b$10$92piGsmR5W7vhBR1GMUoQex9TIKmjCRY3tsV5jtllyEgUmOBDiNA.', NULL, '2023-03-16 10:41:53', '2023-03-16 10:41:53'),
(364, 'customer', 'General', 'Deckow', '4190 Ortiz Creek', '1-298-750-1504 ', 'Estel.Marvin@yahoo.com', '$2b$10$PwY.klrmDcb.rxaTY8D9TOWaOR3rZfGYjH/jM9xUetZ9aLhSmccvi', NULL, '2023-03-16 10:41:53', '2023-03-16 10:41:53'),
(365, 'customer', 'Ambrose', 'Kilback', '39188 Jany Spurs', '395-971-4040 x1', 'Sandra.Herzog@hotmail.com', '$2b$10$nVWz1h.G0nzXm7ryQsnYmeiRbuda4VCeIvaWByS13wJomrI1uLYrq', NULL, '2023-03-16 10:41:53', '2023-03-16 10:41:53'),
(366, 'customer', 'Lucienne', 'Terry', '19273 Brittany Row', '352-760-8896 x2', 'Osborne.Jaskolski@gmail.com', '$2b$10$qezvQoMkoh1/QOXYjNA.LujS3SlUhk8C4joH3cM9Xn/DbstCcOEDy', NULL, '2023-03-16 10:41:53', '2023-03-16 10:41:53'),
(367, 'customer', 'Mavis', 'Trantow', '6116 Dennis Groves', '651-483-6480 x9', 'Tevin_Ortiz@yahoo.com', '$2b$10$tYMp7tH1QxRQUXoK5uaG/.dqBzTLwjzaBIajo2b.kuf6EFa5aBqja', NULL, '2023-03-16 10:41:53', '2023-03-16 10:41:53'),
(368, 'customer', 'Opal', 'Homenick', '13519 Sauer Harbors', '(486) 253-9937 ', 'Kaleigh_Rogahn@hotmail.com', '$2b$10$.SPZkD.qYTb/YkBbhANUpueNMarij89GjOuXdHtm.ryDBuhtphuwy', NULL, '2023-03-16 10:41:53', '2023-03-16 10:41:53'),
(369, 'customer', 'Aracely', 'Dibbert', '316 Geraldine Plain', '(787) 722-1817', 'Lela_Fadel92@gmail.com', '$2b$10$oB/OhHWDuANXZgSMJCk2YOteqiQUQ/ovNgJYpqD9NWkbaB5E3YGNu', NULL, '2023-03-16 10:41:53', '2023-03-16 10:41:53'),
(370, 'customer', 'Torey', 'Goyette', '3081 Katelin Circle', '(278) 403-4535', 'Alena1@yahoo.com', '$2b$10$iyD.4jQvJH5QBWbbcmuVn.zXteKPNW4J7HlYxAnVty0mbl22hy2VW', NULL, '2023-03-16 10:41:53', '2023-03-16 10:41:53'),
(371, 'customer', 'Bette', 'Denesik', '05774 Verdie Islands', '1-514-715-4582 ', 'Elwin.Hane@yahoo.com', '$2b$10$YGUDRoShPprVKBhgHNFA0Orky3CuG/Lixp/vcT/GdSSU4w/TdeKG6', NULL, '2023-03-16 10:41:53', '2023-03-16 10:41:53'),
(372, 'customer', 'Mack', 'Block', '7412 Cronin Pike', '760.916.2985', 'Wilton76@hotmail.com', '$2b$10$5ndpgFGJBrpvtmAi8dl7pelkXRxbpJBDN3nEvX5CkPUGbSaLWaysu', NULL, '2023-03-16 10:41:53', '2023-03-16 10:41:53'),
(373, 'customer', 'Sven', 'Hilpert', '5695 Sandy Stream', '(561) 761-7484', 'Felix7@yahoo.com', '$2b$10$PT5Fkih0sxL6v8Qb1lH9NeKPw2UQOvzxwsS9g2Ndu4WGhL6coFSGm', NULL, '2023-03-16 10:41:53', '2023-03-16 10:41:53'),
(374, 'customer', 'Flavie', 'Kreiger', '358 Jessy Harbors', '1-470-558-3180 ', 'Brandy24@hotmail.com', '$2b$10$vW.6t/BEBUGxd7BhvVOJT.ESy1UBht1tpLc8zAJ46VYQS6XzGY71q', NULL, '2023-03-16 10:41:53', '2023-03-16 10:41:53'),
(375, 'customer', 'Dallin', 'Block', '7687 Marcelina Cape', '236.295.2289', 'Lucy33@gmail.com', '$2b$10$ScfgOzRU/SlaH0qG6pvGHOBC3MPTsJr9DdTy4xNsI2VvXvPv2S2VS', NULL, '2023-03-16 10:41:53', '2023-03-16 10:41:53'),
(376, 'customer', 'Florian', 'O\'Conner', '83845 Preston Stream', '(684) 351-6887 ', 'Alvah_Hoppe@gmail.com', '$2b$10$BuA9MRRu0/uyypvd6aJPUe6eODYYmqBpOUo0P9x5uMf2tUypFM17a', NULL, '2023-03-16 10:41:53', '2023-03-16 10:41:53'),
(377, 'customer', 'Monique', 'Wiza', '222 Dena Gateway', '1-648-645-5989 ', 'Kristoffer39@gmail.com', '$2b$10$b0xxzKNRmHV.Tvi2C5O/k.O8cJkgWiZNaHxNSPeGv.ocyms3yLN3a', NULL, '2023-03-16 10:41:53', '2023-03-16 10:41:53'),
(378, 'customer', 'Sean', 'Fahey', '06331 Lorenzo Grove', '900-930-8201 x5', 'Tiana_Mosciski@hotmail.com', '$2b$10$hPzHpj4ChkMb8RB8wIWcxeM4GGkly0PXIZiU3ewp2CCM14rr8hS5S', NULL, '2023-03-16 10:41:53', '2023-03-16 10:41:53'),
(379, 'customer', 'Heath', 'Daugherty', '64158 Jayson Cliff', '808-958-8726 x6', 'Jennings84@hotmail.com', '$2b$10$ow04A8Bdj.QfjK696rF6nu.Xg5ctcch9aqCbOcB7VSZbvNnptMIK.', NULL, '2023-03-16 10:41:53', '2023-03-16 10:41:53'),
(380, 'customer', 'Erich', 'Ritchie', '0031 Rutherford Flat', '1-696-764-2734', 'Hortense.Ebert43@hotmail.com', '$2b$10$PThiGS/zCeeDweCJ8x55IeeJkpv8eaqggZFXZRwnEFKXbOw3s8VYW', NULL, '2023-03-16 10:41:53', '2023-03-16 10:41:53'),
(381, 'customer', 'Jimmie', 'Schmitt', '1474 Jaylan View', '(709) 553-8749 ', 'Prudence.Nicolas@hotmail.com', '$2b$10$ycfHvY9UX/6csWWYL6881uw3KxPp9IAMdEtBNEdpVkPrtXfictVU6', NULL, '2023-03-16 10:41:53', '2023-03-16 10:41:53'),
(382, 'customer', 'Angelo', 'Kozey', '02571 Orn Rue', '425.488.7498 x2', 'Zoie.Fritsch@gmail.com', '$2b$10$SHb8dtpNAqy.e2iPQ/OaxucgyaqhpwJz9Sav7xrrdpDrKIra1.nSy', NULL, '2023-03-16 10:41:53', '2023-03-16 10:41:53'),
(383, 'customer', 'Ansley', 'Hermann', '44709 Casper Run', '280-576-1655 x3', 'Jerod.Parker8@yahoo.com', '$2b$10$LmE4vjr4bjmcUJSPLshone1rA.sLc03SAa7FPlNp0MNrPDTPR3HbS', NULL, '2023-03-16 10:41:53', '2023-03-16 10:41:53'),
(384, 'customer', 'Ethan', 'Smitham', '2912 Eve Trace', '518.302.0204 x8', 'Assunta_Morar@yahoo.com', '$2b$10$K9YmcP4R4ar/5Fb3oTsIvOio6QXMDME2.UZFoO7uxef6n9cucpaUi', NULL, '2023-03-16 10:41:53', '2023-03-16 10:41:53'),
(385, 'customer', 'Russel', 'Von', '916 O\'Conner Extensions', '964-327-6086', 'Aglae3@yahoo.com', '$2b$10$elNmmzq5xsLBMWc5g5EkKentbOWhMh1yClSZ6FFoLSq87AN9DFKcW', NULL, '2023-03-16 10:41:53', '2023-03-16 10:41:53'),
(386, 'customer', 'Shanel', 'Hegmann', '06130 Bergnaum Cape', '772.441.1573 x3', 'Erwin_Conroy@hotmail.com', '$2b$10$RbNs9rcjkM68A0wOVfdOOuB2ZNRB71BWO6zEwkqbx1jKYuVKOcTm2', NULL, '2023-03-16 10:41:53', '2023-03-16 10:41:53'),
(387, 'customer', 'Samara', 'Little', '62538 Murphy Pine', '(503) 509-7772 ', 'Tia_Renner97@yahoo.com', '$2b$10$kPH2lWfv2Eu.j.HdpJ1Xl.QKtRakHL9RkpIZYoeymUQv.WUJaqgNq', NULL, '2023-03-16 10:41:53', '2023-03-16 10:41:53'),
(388, 'customer', 'Eriberto', 'Schuster', '2994 Annamae Landing', '555.264.5595', 'Carli.Stamm@yahoo.com', '$2b$10$GigggHEguZrOtQwVjHScZOqiXYP/41LqFMrwZB2HyN1a.aTTXk7/S', NULL, '2023-03-16 10:41:53', '2023-03-16 10:41:53'),
(389, 'customer', 'Arturo', 'Dickinson', '6397 Block Track', '1-791-788-9026 ', 'Jace.Sipes98@gmail.com', '$2b$10$aPCOI/4DNIm3Omqi/5k/7.syfR7UoXQhy.AbBc4iq3.CYzlM9Betm', NULL, '2023-03-16 10:41:53', '2023-03-16 10:41:53'),
(390, 'customer', 'Winona', 'Corkery', '1629 Keeling Estate', '1-873-644-7572 ', 'Leta98@yahoo.com', '$2b$10$2zPrrxn0Ai6OgF8sCVE//Ogsr9qyuvw.aahOCsIAzI.vw3eFUia2a', NULL, '2023-03-16 10:41:53', '2023-03-16 10:41:53'),
(391, 'customer', 'Dustin', 'Stark', '297 Schuster Keys', '(349) 755-7506 ', 'Anita.Waters@hotmail.com', '$2b$10$pvMbFy0fQjh57R7KHp.gQObtyQsqvvHgCUGMz6Sjn3a22M83zYsE.', NULL, '2023-03-16 10:41:53', '2023-03-16 10:41:53'),
(392, 'customer', 'Alvina', 'Johnston', '4730 Jast Coves', '(475) 887-6828 ', 'Giuseppe_Wintheiser@gmail.com', '$2b$10$yO4QVVTX/HwR3SYnrIGr2.05okSBLgS6U0KBDfggL7Zuri9.b0Wle', NULL, '2023-03-16 10:41:53', '2023-03-16 10:41:53'),
(393, 'customer', 'Anna', 'Champlin', '082 Bashirian Ville', '1-678-380-6794 ', 'Ona.Dach5@hotmail.com', '$2b$10$foFbgrD0/oM/u8oylfAvlOAYzcjxvCP/oNnswU9kf31T.X2t38ooa', NULL, '2023-03-16 10:41:53', '2023-03-16 10:41:53'),
(394, 'customer', 'Dane', 'Kovacek', '910 Carmine Cliffs', '1-354-559-1538 ', 'Holly_Schmeler42@hotmail.com', '$2b$10$x0S4NWVNmCK/fHyc1ZNZxu3wzakAA1UdMazZ69NJaW9QzjqCY237S', NULL, '2023-03-16 10:41:53', '2023-03-16 10:41:53'),
(395, 'customer', 'Adrien', 'Spencer', '245 Justyn Dale', '891-460-7591 x1', 'Carli_Hartmann75@gmail.com', '$2b$10$iRx/wpFPL0QZo3GLF7HxY.8KfQCyAb3xLYP7FPQ0ucaJie3aW5F.e', NULL, '2023-03-16 10:41:53', '2023-03-16 10:41:53'),
(396, 'customer', 'Blair', 'Gorczany', '855 Leuschke Camp', '(875) 328-1699 ', 'Lucy.Oberbrunner@yahoo.com', '$2b$10$hbHM3OTAWH5mvmzYcZqyTeoUQLM1GURF1CbLBE1Y5CvaP2LW6PZlK', NULL, '2023-03-16 10:41:53', '2023-03-16 10:41:53'),
(397, 'customer', 'Arthur', 'Wunsch', '29736 Cassin Courts', '217.535.6437 x6', 'Bradford_Swaniawski12@yahoo.com', '$2b$10$82TtsRvq1VCHEHFBrpi80enq0wzrBeAUudulqAj9XoboD.VJSvrju', NULL, '2023-03-16 10:41:53', '2023-03-16 10:41:53'),
(398, 'customer', 'Ida', 'Aufderhar', '2066 Jett Spur', '(455) 667-7029 ', 'Sister15@gmail.com', '$2b$10$kEPFYe9c64YDIm5/nl99z.Zm4mI9MxjmGVSgih.TPzrRyAyruBGA2', NULL, '2023-03-16 10:41:53', '2023-03-16 10:41:53'),
(399, 'customer', 'Jade', 'Veum', '87295 Humberto Manor', '580.304.5004', 'Laury_Ryan41@yahoo.com', '$2b$10$Z6NlHmQHHLvExX3G9FG0ceX2GRwnuy35o6JnxcQjMTfd7Y6XmJgui', NULL, '2023-03-16 10:41:53', '2023-03-16 10:41:53'),
(400, 'customer', 'Martine', 'Kozey', '3633 Jedediah Keys', '1-223-852-6814 ', 'Magdalena.Kunze74@yahoo.com', '$2b$10$Fn6Mq6n/jw6uhjyi5IROyuD8dMDd1.ep5qMI36JQzup5gmGRZt7H2', NULL, '2023-03-16 10:41:53', '2023-03-16 10:41:53'),
(401, 'customer', 'Tomasa', 'Maggio', '1042 Balistreri Port', '(307) 715-6144 ', 'Brooks_Olson97@hotmail.com', '$2b$10$2UN/JhGPkt5AJbGkcDhGA.uNNFVBpPUin3WsDjY5uhqNGyhgsSHKq', NULL, '2023-03-16 10:41:53', '2023-03-16 10:41:53'),
(402, 'customer', 'Annabell', 'Turcotte', '12864 Kshlerin Trafficway', '1-502-846-6526 ', 'Travis_Schmitt@yahoo.com', '$2b$10$fxDg7aa2s41.acsidtYAR.l7iHF6OTM1hKzeHOXPxFaWy0WyDTpdG', NULL, '2023-03-16 10:41:53', '2023-03-16 10:41:53'),
(403, 'customer', 'Geo', 'Jenkins', '823 Von Walk', '793.561.8735 x3', 'Madaline73@hotmail.com', '$2b$10$FNHyXeELPSAQBXhQiBHDSekSMrX5peevbEvYA6Oe/3moRdQmMTsDu', NULL, '2023-03-16 10:41:53', '2023-03-16 10:41:53'),
(404, 'customer', 'April', 'Gleichner', '92789 Nadia Land', '1-643-493-0113 ', 'Ruben_Hodkiewicz60@yahoo.com', '$2b$10$D66NDZhaNYWWiC8sS4HueOdFuovmWtxPTswyJsWg2D3gYc443xlty', NULL, '2023-03-16 10:41:53', '2023-03-16 10:41:53'),
(405, 'customer', 'Jamil', 'O\'Keefe', '21486 Corkery Crossroad', '316-717-8982 x1', 'Alessandra_Block@hotmail.com', '$2b$10$PuIZc28ampTbJYbr7y.CDu.l1q8j9F8VY144gJGV5ezC1zccODRBC', NULL, '2023-03-16 10:41:53', '2023-03-16 10:41:53'),
(406, 'customer', 'Emelie', 'Beer', '9008 Weber Viaduct', '(232) 883-2833', 'Oleta.Osinski@yahoo.com', '$2b$10$z5oYa3LRLk5S3MbHx9pht.jZZ8zRCHZ/KFN3Gmtfzf5PPwOocLGLe', NULL, '2023-03-16 10:41:53', '2023-03-16 10:41:53'),
(407, 'customer', 'Rahsaan', 'Mann', '214 Jimmy Glens', '329-608-3204 x7', 'Emelie.Friesen@yahoo.com', '$2b$10$6AntjuEnH/XPHYeRB/JDFuld2NYbBuWytcPmHWCRwN/EYvG1dIHbi', NULL, '2023-03-16 10:41:53', '2023-03-16 10:41:53'),
(408, 'customer', 'Alfreda', 'Armstrong', '169 Curtis Locks', '1-619-711-9719 ', 'Hugh66@gmail.com', '$2b$10$KFU7U.obtZZUQZg6zJLtDOpkpzgS6hOG5fTDlVcbORdmOG7v7rM/O', NULL, '2023-03-16 10:41:53', '2023-03-16 10:41:53'),
(409, 'customer', 'Drew', 'Moore', '8694 Herman Valley', '(361) 992-3436 ', 'Taya.Farrell@hotmail.com', '$2b$10$hIUciGkAglOhXxZ1/Q.5PO8jRc9S9sfBI/L8rZkLcrHQSdUeI.W92', NULL, '2023-03-16 10:41:53', '2023-03-16 10:41:53'),
(410, 'customer', 'Shemar', 'Nitzsche', '81905 Lavina Underpass', '1-887-949-6561 ', 'Cole.Flatley@yahoo.com', '$2b$10$PzGstxeZW4PLRIpCbK8PCerZnmVVQS8qx/Bt65/Lk1nRZ0e4DVbcy', NULL, '2023-03-16 10:41:53', '2023-03-16 10:41:53'),
(411, 'customer', 'Morton', 'Quitzon', '1132 Jimmy Camp', '1-298-950-7370 ', 'Barton_Batz82@hotmail.com', '$2b$10$a1K4q0yGfb0Kcc5moWkfJ.0R8aD6MBOWV2IItimfbcFnXWATWbXJy', NULL, '2023-03-16 10:41:53', '2023-03-16 10:41:53'),
(412, 'customer', 'Prince', 'Koch', '3880 Boyer Harbor', '414.251.9003 x3', 'King4@hotmail.com', '$2b$10$63Mh3ilLJtxByzsKgnboUOLEuewoHEGI2JRxvTFvuAVN2HDL.4OPO', NULL, '2023-03-16 10:41:53', '2023-03-16 10:41:53'),
(413, 'customer', 'Carlos', 'Graham', '542 Raina Meadows', '538-782-6543', 'Jaren.Runolfsson@hotmail.com', '$2b$10$1vE1OwdTv9/FeMgjSBVU8uhRlDjCpCXlD5yGzTQMP06/kVwqwVwWi', NULL, '2023-03-16 10:41:53', '2023-03-16 10:41:53'),
(414, 'customer', 'Myrna', 'Boyle', '24534 Hoeger Skyway', '800.589.9235 x2', 'Maeve.Rodriguez19@hotmail.com', '$2b$10$YpbT1oHQNcvoa4cxyCewcuSW9i09O4H/0gzn9PDbaDarSPdmQ/zuO', NULL, '2023-03-16 10:41:53', '2023-03-16 10:41:53'),
(415, 'customer', 'Enrico', 'Mraz', '3922 Trantow Mill', '(523) 355-8678 ', 'Eugene_Erdman@yahoo.com', '$2b$10$pXX//4yxGTepXayiP.gCSu8g.DUYQleLlcGE4moPvihu3vyyf97Rm', NULL, '2023-03-16 10:41:53', '2023-03-16 10:41:53'),
(416, 'customer', 'Coby', 'Zulauf', '680 Rau Shoals', '585.871.1157 x8', 'Deja.Prohaska@hotmail.com', '$2b$10$WTe2Gp8I5zG0tQTRuS3JWOiWSvqlR4kIkl9z7L93H5aBZbt53a.eW', NULL, '2023-03-16 10:41:53', '2023-03-16 10:41:53'),
(417, 'customer', 'Oran', 'Torp', '45272 Amie Ridge', '313.699.5747 x6', 'Thelma75@gmail.com', '$2b$10$AWYvE0cPPub1y/C/2XMgZuc0AXDVr62sAgfKJYJcjssMBn1F7BP2O', NULL, '2023-03-16 10:41:53', '2023-03-16 10:41:53'),
(418, 'customer', 'Marielle', 'Herman', '9033 Vanessa Lights', '735.343.4870 x7', 'Eryn28@gmail.com', '$2b$10$aUeEtLPv8jPbylboAmzQoeRwBBm7enFGnU3VztvBMCEhQ/eCTyUIO', NULL, '2023-03-16 10:41:53', '2023-03-16 10:41:53'),
(419, 'customer', 'Guy', 'Hand', '86913 Ella Avenue', '294-742-6755 x5', 'Pascale35@yahoo.com', '$2b$10$tfbcvoMeZoqJ/eA/EbhSmO2I/ixGTxYr0wI.CmH4riqBjLhLNXkI2', NULL, '2023-03-16 10:41:53', '2023-03-16 10:41:53'),
(420, 'customer', 'Akeem', 'Shanahan', '20207 Phyllis Garden', '(401) 407-2878 ', 'David_Altenwerth22@hotmail.com', '$2b$10$KgqoKU.ioISvsuDJI7UF4OJaImbJ7xtDxpqupVyA.rqBkFr..jZVW', NULL, '2023-03-16 10:41:53', '2023-03-16 10:41:53'),
(421, 'customer', 'Bailee', 'Willms', '339 Reichel Lakes', '(206) 598-7328 ', 'Lonie90@hotmail.com', '$2b$10$iT2A/lP2sDY.l6QkyCO0oOCGExjuVBqVAvyz//ED/yZ8aENMdIrye', NULL, '2023-03-16 10:41:53', '2023-03-16 10:41:53'),
(422, 'customer', 'Aidan', 'Crooks', '3873 Alvena Roads', '308.629.9102', 'Jayda86@yahoo.com', '$2b$10$sGSfYbaui6219H8QwFPBUuOLzRFZQP0Y1bj7T1hIxHzUKBJYaeMje', NULL, '2023-03-16 10:41:53', '2023-03-16 10:41:53'),
(423, 'customer', 'Jonatan', 'Satterfield', '14441 Medhurst Plaza', '566-483-3281 x0', 'Maudie79@yahoo.com', '$2b$10$q03SAjss1vlq7XzWlrUv/efQ6DbOwpVCzUJ4p2fbdVBnYxVCZrfqO', NULL, '2023-03-16 10:41:53', '2023-03-16 10:41:53'),
(424, 'customer', 'Noemy', 'Hegmann', '254 Muller Springs', '285-719-7917 x0', 'Catharine67@yahoo.com', '$2b$10$qPoMCHuvhn.nKDf25XEAb.4ZIcTwmswOeeVF6GKTGm/ADYz8aUXgi', NULL, '2023-03-16 10:41:53', '2023-03-16 10:41:53'),
(425, 'customer', 'Myron', 'Hilpert', '19548 Hertha Creek', '(433) 729-2385 ', 'Zena_OConner@yahoo.com', '$2b$10$43CRPW9KgAPueIqFJD5mbulA444IsV.3pYCAo0OjJtBd2aKflg3Rq', NULL, '2023-03-16 10:41:53', '2023-03-16 10:41:53'),
(426, 'customer', 'Marcelle', 'O\'Reilly', '450 Fletcher Lights', '742.507.3000 x1', 'Quentin22@hotmail.com', '$2b$10$1VzBtNcWYSH9bL6jQuzefOVnbiNDOWZz2zQe63KJxa.z6oPyvV6MS', NULL, '2023-03-16 10:41:53', '2023-03-16 10:41:53'),
(427, 'customer', 'Giovanny', 'Boyer', '310 Carter Brook', '1-688-257-9381', 'Xzavier94@hotmail.com', '$2b$10$8/TsmbA1rODXcyWGz7Td1uw0hk3lb2RkyOyfvpAmnOYEY2il4R4zi', NULL, '2023-03-16 10:41:53', '2023-03-16 10:41:53'),
(428, 'customer', 'Wilma', 'Cummerata', '80379 Tressie Place', '914-246-2833 x4', 'Alvena_Greenholt89@yahoo.com', '$2b$10$xUFo1EroUkoVwgKu.PmwS.GP9C3zXZS7DOBL0QSaSgaqU3kTrglIq', NULL, '2023-03-16 10:41:53', '2023-03-16 10:41:53'),
(429, 'customer', 'Aliya', 'Lowe', '1152 Camron Common', '(660) 612-9256 ', 'Audrey_Koch16@yahoo.com', '$2b$10$8AdTx8EgB614j7E5Z3.rvuINAbczBIGX9z5ZN9pFwmyLLypDrn4fi', NULL, '2023-03-16 10:41:53', '2023-03-16 10:41:53'),
(430, 'customer', 'Linwood', 'Streich', '2341 Kozey Center', '1-840-474-8863 ', 'Clemmie70@yahoo.com', '$2b$10$vQ/rbGoDoJTk.rEjxbQtj.n13QtZUz7yPMNkqtOxcmK7em6eLxVmC', NULL, '2023-03-16 10:41:53', '2023-03-16 10:41:53'),
(431, 'customer', 'Jacquelyn', 'Frami', '913 Will Underpass', '(233) 513-4941 ', 'Howard2@gmail.com', '$2b$10$/a5sWSg71OnpF0n9TYHEfeAEFN5DdD2ix4M6d0anQ94RG92IDjZlO', NULL, '2023-03-16 10:41:53', '2023-03-16 10:41:53'),
(432, 'customer', 'Maryse', 'Welch', '3101 Maggio Islands', '724.200.3025 x3', 'Madaline.Kub65@hotmail.com', '$2b$10$bNU6alvAThUeiqtgrYGb.uBzCFzg6IkonVN.mJQg9x7RR5YiPMnOS', NULL, '2023-03-16 10:41:53', '2023-03-16 10:41:53'),
(433, 'customer', 'Lexi', 'Ebert', '8102 Upton Dale', '299-797-9933 x9', 'Perry_Dickens@yahoo.com', '$2b$10$S.JPrpdqmmkAl2KlzTS80OqhwDP71d2Qespao3TFPuSTWw6VFPt4S', NULL, '2023-03-16 10:41:53', '2023-03-16 10:41:53'),
(434, 'customer', 'Owen', 'Kuhn', '655 Mohr Green', '1-877-756-0425 ', 'Esmeralda.Bergnaum68@yahoo.com', '$2b$10$p10BtUSXpI/m.J1GX8GpmuPDoZbyYOHOqVA43jgnj76DPqH1pZYO.', NULL, '2023-03-16 10:41:53', '2023-03-16 10:41:53'),
(435, 'customer', 'Dino', 'Pagac', '584 Allan Fork', '(804) 664-7106', 'Camryn.Johnston@yahoo.com', '$2b$10$zEbNvGvPfa8x5W5YKwzIoe.5kvRw1VICkANf7T7XxIM6GZ2IFlt4S', NULL, '2023-03-16 10:49:39', '2023-03-16 10:49:39'),
(436, 'customer', 'Colby', 'Maggio', '54102 Hodkiewicz Mountains', '992-359-9355 x7', 'Elva_Cassin92@yahoo.com', '$2b$10$b2G9pbTnPJh7pTqmgaqLdu/T.C/e9aTk5AHO2ZpPz/oNmYZTZmFje', NULL, '2023-03-16 10:49:44', '2023-03-16 10:49:44'),
(437, 'customer', 'Johnpaul', 'Waelchi', '7276 Crist Wall', '(944) 616-6546 ', 'Brycen61@yahoo.com', '$2b$10$rDfZCF9p5aO12OIKjrQVgOeZhLBrATXw2lnQsSbHikRZQ7kBKlf0.', NULL, '2023-03-16 10:49:51', '2023-03-16 10:49:51'),
(438, 'customer', 'Madeline', 'McLaughlin', '3346 Stehr Passage', '1-778-639-9583 ', 'Melvina.Kling@hotmail.com', '$2b$10$Zr1C5N5E3A0/Uj2aIPCKAuo2V77i0FsMabQF16SQguJhStckyE5e2', NULL, '2023-03-16 10:49:51', '2023-03-16 10:49:51'),
(439, 'customer', 'Leif', 'Ratke', '37360 Myrtie Shores', '609.551.2946 x5', 'Cassandre_Hilll24@hotmail.com', '$2b$10$UFWx0cWu8qG9JJP8tQwEruMY.hHwWVeyXU0Qp3C5.6Ewhz3YrzUFG', NULL, '2023-03-16 10:49:51', '2023-03-16 10:49:51'),
(440, 'customer', 'Pattie', 'Bahringer', '674 Zoey Square', '886.615.5392 x4', 'Jaden_Keeling@gmail.com', '$2b$10$k5rl8NgDHWiJ5cAEO/aB1eXMXChr7rs8VYHlw3wlA35m1Lrqu.Doe', NULL, '2023-03-16 10:49:51', '2023-03-16 10:49:51'),
(441, 'customer', 'Ruthie', 'Crist', '2920 Bayer Mount', '1-499-334-7400 ', 'Jules_Schmidt@hotmail.com', '$2b$10$/QAGfCgJ8iDiKcDIoASmMupQzV4LAEmz3ikPOp4XrEn6psZBhQyRW', NULL, '2023-03-16 10:49:51', '2023-03-16 10:49:51'),
(442, 'customer', 'Gisselle', 'Medhurst', '37701 Chandler Knoll', '518-795-9084 x8', 'Brielle.Jerde48@yahoo.com', '$2b$10$JWisfFEM9MWmdBuzPU24v./mNxCmS8oZGqJtGW16dweYRoeC1vbg6', NULL, '2023-03-16 10:49:51', '2023-03-16 10:49:51'),
(443, 'customer', 'Luis', 'Mosciski', '2609 Jessyca Extensions', '568-777-0259 x1', 'Mara_Ankunding22@yahoo.com', '$2b$10$/DubqgmtLkGPG2654Aw.eOzP0qBI8oNGjEM0y/pYLz4bTKOZJEIlC', NULL, '2023-03-16 10:49:51', '2023-03-16 10:49:51'),
(444, 'customer', 'Elisabeth', 'Leannon', '2502 Mante Forge', '1-723-645-3715', 'Vance.Dicki@hotmail.com', '$2b$10$dkiDqEdlTM095kOkPxIDK.Q180hqRvmYx4F8IDyrcls7BHj4pklWS', NULL, '2023-03-16 10:49:51', '2023-03-16 10:49:51'),
(445, 'customer', 'Bernardo', 'Haley', '7727 Wisozk Trace', '1-345-579-8662', 'Dominique50@gmail.com', '$2b$10$6qCBMOMY/0X.VgnKkrLfDO7X6mE3WUMFSbhFVeCdn2a7D4DR0Exwm', NULL, '2023-03-16 10:49:51', '2023-03-16 10:49:51'),
(446, 'customer', 'Grady', 'Jast', '45320 Eulah Wells', '(397) 477-0860 ', 'Rhoda_Rippin85@gmail.com', '$2b$10$gGAau.f.QzfcMdBa3KsEW.gLAPxSg6r9PiAgX629wmQ8zBsNkK/5.', NULL, '2023-03-16 10:49:51', '2023-03-16 10:49:51'),
(447, 'customer', 'Kaylie', 'Spencer', '8655 West Mission', '1-480-642-6651 ', 'Wiley68@yahoo.com', '$2b$10$DwRHmv6Thb5ccVNOyr5bruhM3e05nYl9KKjcoSWdtr.P0S5IpZLES', NULL, '2023-03-16 10:49:51', '2023-03-16 10:49:51'),
(448, 'customer', 'Tavares', 'Doyle', '82860 Aracely Overpass', '(491) 637-2571 ', 'Meredith_Cremin@yahoo.com', '$2b$10$NylnabxrUGYOmrqMeOs0vu4whLVnpRpX6IDE0JYyrKyJ4mwNmfbfO', NULL, '2023-03-16 10:49:51', '2023-03-16 10:49:51'),
(449, 'customer', 'Karolann', 'Block', '5555 Dicki Port', '951.737.9251 x9', 'Rowena_Simonis82@gmail.com', '$2b$10$YHcIj/rCJsUEAejD2ZtoPOJ7VeQOrAKlaIXE7UPKRBCKbrliWUol6', NULL, '2023-03-16 10:49:51', '2023-03-16 10:49:51'),
(450, 'customer', 'Tressie', 'Ziemann', '39910 Roderick Bypass', '662-488-0804', 'Cielo.Cummerata50@hotmail.com', '$2b$10$XHR9P2sj64jvLIhi8vwkLOaGiB032y5B7hd79g9Md1t0jmWjISc5O', NULL, '2023-03-16 10:49:51', '2023-03-16 10:49:51'),
(451, 'customer', 'Paolo', 'Goldner', '5419 Sebastian Views', '(763) 728-7698 ', 'Rhianna_Moore87@gmail.com', '$2b$10$vXgTrF1vEtplzHNZaWALxu2APbJDTTxepEv0033fvnJdCHL2MNu2q', NULL, '2023-03-16 10:49:51', '2023-03-16 10:49:51'),
(452, 'customer', 'Jamison', 'Torp', '813 Shanel Pike', '285-407-1935 x6', 'Emily34@gmail.com', '$2b$10$MRJ4aLCGyLQLfrrVLABF2ubNo0EN8mN5xIq0UJoD62VYbyo8mffhW', NULL, '2023-03-16 10:49:51', '2023-03-16 10:49:51'),
(453, 'customer', 'Ottis', 'Kub', '97846 Effertz Tunnel', '581-287-5689 x9', 'Edna_Stracke30@hotmail.com', '$2b$10$pw/C6s8ETtZ5rK7Xh8G6WOKF3xk3fnFzlwRPfAydBsqTZSO.cOGVO', NULL, '2023-03-16 10:49:51', '2023-03-16 10:49:51'),
(454, 'customer', 'Aimee', 'Ritchie', '239 Weber Circle', '(620) 952-2406 ', 'Noe43@hotmail.com', '$2b$10$iKXXeF6iilfXwHB8L1X0p.Q8SckqZOFaxwcpHINtTcnPOMXun8uLO', NULL, '2023-03-16 10:49:51', '2023-03-16 10:49:51'),
(455, 'customer', 'Mariana', 'Nikolaus', '0582 Muriel Row', '1-447-455-9732 ', 'Dedrick88@gmail.com', '$2b$10$Iy.AKsjXOH7S08HgD7lWUemiMOw.iZMCJxNg7MJ.k1BHnIWo4.iE2', NULL, '2023-03-16 10:49:51', '2023-03-16 10:49:51'),
(456, 'customer', 'Madalyn', 'Cassin', '672 Timmothy Park', '216.232.1733 x0', 'Aracely38@gmail.com', '$2b$10$Spw2RFRIj0xQtZFlCRpTJe8rwihUTFE2ZIMOAi2.u7f..9z5meoiq', NULL, '2023-03-16 10:49:51', '2023-03-16 10:49:51'),
(457, 'customer', 'Ewald', 'DuBuque', '915 Greenfelder Run', '999.554.0374 x6', 'Zetta_Klocko73@yahoo.com', '$2b$10$74XCpxssZJhS6NPDSbe5NuDh7mrJv3ZTpx72kZarXtlcbALbfILCe', NULL, '2023-03-16 10:49:51', '2023-03-16 10:49:51');
INSERT INTO `m_users` (`id`, `role`, `firstname`, `lastname`, `address`, `mobile_number`, `email`, `password`, `refresh_token`, `createdAt`, `updatedAt`) VALUES
(458, 'customer', 'Evalyn', 'Kohler', '415 Nova Throughway', '451-410-1806 x2', 'Michelle_Moen58@hotmail.com', '$2b$10$/h8kv42Xg0iV.vusGkyyr.jhIJUnM2Q5olb/eIdN7tSY6fWRi9LYO', NULL, '2023-03-16 10:49:51', '2023-03-16 10:49:51'),
(459, 'customer', 'Nestor', 'Balistreri', '90517 Constance Knolls', '834-759-2907 x0', 'Milan.Glover33@hotmail.com', '$2b$10$.kOB8KZwLIZ244miqdE8Xu3EK9ESUaLHj8Y95KRRAtGagjA3N5yHW', NULL, '2023-03-16 10:49:51', '2023-03-16 10:49:51'),
(460, 'customer', 'Wilburn', 'Walter', '6408 Bauch View', '457.575.9707', 'Mafalda.McKenzie37@yahoo.com', '$2b$10$6LayTVxONhZc0bJiAGVVzOqLn6anmoIAYIsfjrOBGsquIcX5rq3/i', NULL, '2023-03-16 10:49:51', '2023-03-16 10:49:51'),
(461, 'customer', 'Boyd', 'King', '8374 Deborah Extension', '666-456-8257', 'Ryley.Berge82@gmail.com', '$2b$10$Z39ZLEys7kSRzwWFeh9fMOtQUTFNiV5aFYI/Zq6BJRYhD3K6teQYq', NULL, '2023-03-16 10:49:51', '2023-03-16 10:49:51'),
(462, 'customer', 'Ebony', 'Stehr', '1941 Yundt Unions', '1-583-646-1966', 'Susie.Oberbrunner@gmail.com', '$2b$10$bvBtGLFO2/.59QZlfLPHU.UrqYN8DCvZs9Ze9x/aq6U14X6FcGvsi', NULL, '2023-03-16 10:49:51', '2023-03-16 10:49:51'),
(463, 'customer', 'Christ', 'Daugherty', '65803 Walker Garden', '690-216-5939', 'Keshaun_Cole37@hotmail.com', '$2b$10$47aEOu8RUmnggk8kH.I7juHwPipo89AWzSPxVPz.FYb41PjgOwG8e', NULL, '2023-03-16 10:49:51', '2023-03-16 10:49:51'),
(464, 'customer', 'Edgardo', 'Franecki', '7403 Milan Brooks', '524.934.8571 x9', 'Bernie56@hotmail.com', '$2b$10$4WZW9KnSAMcUZEihfqyHsuutpP4FA2SSGK0m7cyzT8Vd.GSRawh6.', NULL, '2023-03-16 10:49:51', '2023-03-16 10:49:51'),
(465, 'customer', 'Ewald', 'Schroeder', '22582 Elna Islands', '943.935.2660', 'Cassandre.Schiller13@gmail.com', '$2b$10$RG32hM2yJSouGqHp2yTqbOEmZlYr47Q3wrPxiFiiIybCqjI12qt02', NULL, '2023-03-16 10:49:51', '2023-03-16 10:49:51'),
(466, 'customer', 'Orion', 'Sawayn', '86373 Yost Drives', '498-398-7448 x1', 'Sister_Terry54@yahoo.com', '$2b$10$xOga0x3eczI.SjaG/EtRVuzvFdwPkBf.fEcuNnWwqjns6sY8mlJZK', NULL, '2023-03-16 10:49:51', '2023-03-16 10:49:51'),
(467, 'customer', 'Drew', 'VonRueden', '010 Homenick Place', '287.805.7148 x8', 'Deontae_Strosin@yahoo.com', '$2b$10$/wTeHI5VwtU8IH.nBsF3vO/1swagKrXWbBWoL9wgo1VOLGoVNNM/O', NULL, '2023-03-16 10:49:51', '2023-03-16 10:49:51'),
(468, 'customer', 'Wilbert', 'Hamill', '138 Sienna Center', '(681) 872-1355 ', 'Carter2@hotmail.com', '$2b$10$GFSxQnQ89r24KnKHuaYxWOWePTGv7AHk/j1i2pnsJPLJJDOFHOD4i', NULL, '2023-03-16 10:49:51', '2023-03-16 10:49:51'),
(469, 'customer', 'Mozelle', 'Lockman', '6496 Huel Forks', '1-852-799-2106 ', 'Isabel.Block@hotmail.com', '$2b$10$Hk/nREpgASGwJGt1eLQYNuMmXv/TiS6kSKXiTt8lUwcGybP8JgA5W', NULL, '2023-03-16 10:49:51', '2023-03-16 10:49:51'),
(470, 'customer', 'Bo', 'Halvorson', '961 Grant Land', '(824) 451-4730 ', 'Cleveland_Homenick52@yahoo.com', '$2b$10$pjAF5scTrrr.NmyL7H9HVeQb42KHHa4.LFczusKlL3MNTG8M7YXLC', NULL, '2023-03-16 10:49:51', '2023-03-16 10:49:51'),
(471, 'customer', 'Jarrod', 'Kovacek', '92757 Howell Plain', '(533) 582-0152 ', 'Aracely_Morissette17@yahoo.com', '$2b$10$V79J.iHxjdkdcPhNt954ueksPFmuqI071JfoGn2EsRjlRaSrIid/2', NULL, '2023-03-16 10:49:51', '2023-03-16 10:49:51'),
(472, 'customer', 'Neal', 'Rowe', '7714 Hilll Via', '(454) 509-4420', 'Rosella.McDermott@hotmail.com', '$2b$10$h3Upsc4b1Zkq82Otmw7p6O1kVX8p9CcJ09L4YNZuASc3BUJYjdG3C', NULL, '2023-03-16 10:49:51', '2023-03-16 10:49:51'),
(473, 'customer', 'Pearline', 'McLaughlin', '91461 Wiegand Isle', '643-296-5340', 'Olaf_Kohler@yahoo.com', '$2b$10$G3lnIN5BZ76QAxHDrPj.R.zxyAB9TbLpDvAMKsgpy1bIgk6eVPEg6', NULL, '2023-03-16 10:49:51', '2023-03-16 10:49:51'),
(474, 'customer', 'Vivian', 'McGlynn', '60711 Heaney Trafficway', '(408) 282-2843', 'Amos80@yahoo.com', '$2b$10$UifASsbNVy7Yb2mO4iX.2uxj/19GOuk3uYHyzeiwXE38/ojJrphnO', NULL, '2023-03-16 10:49:51', '2023-03-16 10:49:51'),
(475, 'customer', 'Emmet', 'Grant', '629 Vincent Avenue', '503-897-3070', 'Zander.Sanford14@yahoo.com', '$2b$10$4L/ryPrkdDUqy8OVgtG0bOjYrpIKn74bDdlCE9Zf4t2KAbL2IBkY.', NULL, '2023-03-16 10:49:51', '2023-03-16 10:49:51'),
(476, 'customer', 'Edythe', 'Klocko', '031 Kreiger Flat', '550.387.6072', 'Rosella.Halvorson@hotmail.com', '$2b$10$DDT31mLD1VmYrLLSlKuRXeTbw3FahmP2ZpUFEZaQ/sDD19huoqV3.', NULL, '2023-03-16 10:49:51', '2023-03-16 10:49:51'),
(477, 'customer', 'Ernestine', 'Lockman', '1128 Jasen Place', '1-820-277-8737 ', 'Melisa70@gmail.com', '$2b$10$TmKDD3RJfqpNirMvFfvVheikrIL2gqT.4Bq2lDNr.rcXoyvPVysuO', NULL, '2023-03-16 10:49:51', '2023-03-16 10:49:51'),
(478, 'customer', 'Delmer', 'Christiansen', '89110 Carlee Well', '482.936.9190 x3', 'Adrien18@yahoo.com', '$2b$10$MFEczyQtJ/.3rUXTFm6fM.rYYOeOFCHlgzJkC/D4Z23DozPWjDIv2', NULL, '2023-03-16 10:49:51', '2023-03-16 10:49:51'),
(479, 'customer', 'Caitlyn', 'Turner', '729 Oberbrunner Common', '934.405.2021 x6', 'Blanche5@yahoo.com', '$2b$10$4avmrWwNtW5GhQljGIHQdeBZfZoXXPQEV2vbxtfDfJFEDAHLYWVOi', NULL, '2023-03-16 10:49:51', '2023-03-16 10:49:51'),
(480, 'customer', 'Lenny', 'Cartwright', '9239 Schiller Forge', '(985) 449-7788 ', 'Trystan25@gmail.com', '$2b$10$dMouykl3wlA7lyWWL/FiOeLza2krYOHU6MB1t9oeE4o/DBkUqiPOS', NULL, '2023-03-16 10:49:51', '2023-03-16 10:49:51'),
(481, 'customer', 'Kelley', 'Heidenreich', '9265 Else Parks', '1-432-573-4021 ', 'Sedrick.Corkery42@yahoo.com', '$2b$10$hGNLAzq0Vyl73fzN0riphuYJVD6IYdyi5N.sV38aeLP7QOihAG926', NULL, '2023-03-16 10:49:51', '2023-03-16 10:49:51'),
(482, 'customer', 'Emanuel', 'Waters', '91623 Dickinson Overpass', '1-508-773-1186', 'Lexie_Larson91@gmail.com', '$2b$10$YDUD7lahLhG6ChKRl05eF.usIKd0sczY14bR8Yeeb6XFLGS01Zo7S', NULL, '2023-03-16 10:49:51', '2023-03-16 10:49:51'),
(483, 'customer', 'Araceli', 'Hilpert', '462 Eveline Plains', '(560) 638-4900', 'Lilla_Ferry37@yahoo.com', '$2b$10$2Luo4AJnWzb5/kl/7.QfsuDGUGkdeYO83LXe9vNJbslnlurLY7Ld.', NULL, '2023-03-16 10:49:51', '2023-03-16 10:49:51'),
(484, 'customer', 'Kade', 'Kihn', '666 Muller Parkway', '1-397-647-3066 ', 'Kavon.Huel@yahoo.com', '$2b$10$YFuXhakGX/Ki4n.1vxaLQOpeu4tF5fAjLaIEFx8yRMnWWZQoUBeKa', NULL, '2023-03-16 10:49:51', '2023-03-16 10:49:51'),
(485, 'customer', 'Kendra', 'Brekke', '303 Josefa Bypass', '504-778-7043 x7', 'Kayla32@hotmail.com', '$2b$10$W.WDLRttv2Y7KXLj/RucJ.SJt.ZHftf4Y3ekUAWjWAjq5JSnWZ2rq', NULL, '2023-03-16 10:49:51', '2023-03-16 10:49:51'),
(486, 'customer', 'Felix', 'Schulist', '0698 Brianne Place', '522-387-1068 x2', 'Willa.Glover65@yahoo.com', '$2b$10$6KUFs9gl8alfKswSzgV9a.weu2k.2SG88ekLHUMsTucmY/4X7LNYW', NULL, '2023-03-16 10:49:51', '2023-03-16 10:49:51'),
(487, 'customer', 'Houston', 'Thiel', '5895 Breitenberg Coves', '(281) 944-7775', 'Monte6@hotmail.com', '$2b$10$Kr4f6vfkHuvM9a9ZC49DgOucBFUVGntuEHojK9yNQG.IEysyUW4R6', NULL, '2023-03-16 10:49:51', '2023-03-16 10:49:51'),
(488, 'customer', 'Keeley', 'Parisian', '45455 Langosh Isle', '415.659.8209 x1', 'Brenden_Halvorson@hotmail.com', '$2b$10$Rq/kwjKiJd7aTEewFfK4vOdd3EoLyHtMRA965MravLVn1DguXA6WS', NULL, '2023-03-16 10:49:51', '2023-03-16 10:49:51'),
(489, 'customer', 'Morgan', 'Kuhn', '9968 Connelly Village', '344-241-6026 x0', 'Hoyt7@yahoo.com', '$2b$10$HPE0I4Uor0uIKYEmLmmXWeKcVIFdG6xI9psSPGclG98Ov.a8iIExC', NULL, '2023-03-16 10:49:51', '2023-03-16 10:49:51'),
(490, 'customer', 'Esmeralda', 'Hodkiewicz', '77834 Tillman Haven', '654.216.9051', 'Justyn39@yahoo.com', '$2b$10$ALVJb9T.lPx4kmr1JlDCW.lzAZ2mP8X6iRc8hztJnYejGzMSr4bIm', NULL, '2023-03-16 10:49:51', '2023-03-16 10:49:51'),
(491, 'customer', 'Yasmeen', 'Spinka', '1289 Jast Mount', '(337) 334-0630 ', 'Dudley.Smitham@hotmail.com', '$2b$10$IBsyW.hf9sNCpTJgtGdJnOlM1mYoKreTOgKOixGNmVl889CWAiGda', NULL, '2023-03-16 10:49:51', '2023-03-16 10:49:51'),
(492, 'customer', 'Jeanette', 'Kunze', '474 Bill Crossing', '219-711-0827 x2', 'Deon61@hotmail.com', '$2b$10$QRyOvskhEjsGNOAj6QJA6OFT7gFqH/ZFDwdVg4IfYZkHhMxU7t0Qy', NULL, '2023-03-16 10:49:51', '2023-03-16 10:49:51'),
(493, 'customer', 'Candice', 'Bechtelar', '44890 Zemlak Run', '660.274.4263 x0', 'Alycia.Effertz@gmail.com', '$2b$10$0OlA.8rKfHLs.NEzFtyLz.enQjnh8FgQOJK3MUhx5ksfpq/rdKX22', NULL, '2023-03-16 10:49:51', '2023-03-16 10:49:51'),
(494, 'customer', 'Chase', 'Jacobson', '921 Rogahn Fort', '(405) 793-6948 ', 'Kenneth50@yahoo.com', '$2b$10$yZDeQTG4zEZS80NvW4heYOf2lDk9M1f4N3L3JOLZxkwpk.oxCBhx.', NULL, '2023-03-16 10:49:51', '2023-03-16 10:49:51'),
(495, 'customer', 'Keith', 'Mueller', '863 Pfeffer Tunnel', '(633) 578-5377 ', 'Reilly.Ortiz42@hotmail.com', '$2b$10$wBIwlY6mpGULeMzc9veft.4lyUUJplwXRKtyyi3V1FxuCJg8BcvL6', NULL, '2023-03-16 10:49:51', '2023-03-16 10:49:51'),
(496, 'customer', 'Derick', 'Tremblay', '164 Wisoky Cliffs', '203-938-1313 x4', 'Jean64@hotmail.com', '$2b$10$pG/joqNnvlvKYpM6NdzXiuihmyl/n3qROXebM4nMMCjnNBbzKK9Tu', NULL, '2023-03-16 10:49:51', '2023-03-16 10:49:51'),
(497, 'customer', 'Buford', 'Roberts', '6130 Isac Corner', '1-847-622-3546 ', 'Brittany60@gmail.com', '$2b$10$hFKttevGFJmpdq3qOAt0/eDoX4AXQeSnuIvhcxfDfCNZmhynO6.6S', NULL, '2023-03-16 10:49:51', '2023-03-16 10:49:51'),
(498, 'customer', 'Darion', 'Zulauf', '977 Colin Keys', '(931) 890-1980', 'Dejuan_Bartell35@hotmail.com', '$2b$10$YeId0T8oNA5TIij1wnXUouek98uEp0t2nnQ4W.bLl6Iv0TGEQd7vy', NULL, '2023-03-16 10:49:51', '2023-03-16 10:49:51'),
(499, 'customer', 'Liliane', 'Rippin', '39487 Paucek Corner', '1-963-829-0634', 'Felicita66@yahoo.com', '$2b$10$PPrF72YWAy9bYvFg6Y16VeAAU8uX/EevvrBLO6JuGZJTq/JrI93Kq', NULL, '2023-03-16 10:49:51', '2023-03-16 10:49:51'),
(500, 'customer', 'Cathryn', 'Kuhn', '885 Stoltenberg Trafficway', '(434) 618-7242 ', 'Christopher.Tremblay@hotmail.com', '$2b$10$hBIOb9/6Lq/nFvjC1.8iEeIA/j/0KE1pfkAsJh52MsTr8UzeslJwO', NULL, '2023-03-16 10:49:51', '2023-03-16 10:49:51'),
(501, 'customer', 'Darian', 'Nitzsche', '618 Kunze Gateway', '796-931-3412 x7', 'Jevon57@hotmail.com', '$2b$10$EkOdW2o2WCdCNIrllLCPreED0WDBNFARBuLs1qEPj50NRhJjodoRG', NULL, '2023-03-16 10:49:51', '2023-03-16 10:49:51'),
(502, 'customer', 'Annabelle', 'McLaughlin', '729 Bashirian Circles', '(660) 320-4198 ', 'Dean49@hotmail.com', '$2b$10$VKWcxSNzBoh2kI0ZsIcNf.KiUsGbx8wZS4akdQIW78rrsaft2ivlq', NULL, '2023-03-16 10:49:51', '2023-03-16 10:49:51'),
(503, 'customer', 'Amelie', 'Bernier', '628 Crona Ridges', '222.611.4050', 'Leilani_Auer82@gmail.com', '$2b$10$HlsVth1wrbXS9k6KHL.u7O6TLRJV6Ft8ECtgBbG34AxK3JFQWipAa', NULL, '2023-03-16 10:49:51', '2023-03-16 10:49:51'),
(504, 'customer', 'Sven', 'Denesik', '5407 Koss Cove', '(807) 343-3641 ', 'Jaclyn_Hermann8@hotmail.com', '$2b$10$ncuOPzQQGDZqpIS46mJs8O.vU60eBpHEozJisbLlvnOvN/RJ2sOii', NULL, '2023-03-16 10:49:51', '2023-03-16 10:49:51'),
(505, 'customer', 'Clair', 'Kessler', '5881 Goodwin Causeway', '1-392-850-8750', 'Peyton.Botsford@hotmail.com', '$2b$10$kEgmfY8cUG4deBENqwQygOL9weXmRYI3tDIwr6ES//M14iCP/8Lqq', NULL, '2023-03-16 10:49:51', '2023-03-16 10:49:51'),
(506, 'customer', 'Adele', 'Weissnat', '561 Reinhold Pass', '(961) 708-0441 ', 'Evangeline56@gmail.com', '$2b$10$I1Be1VVViM/blzfhWAAsReKohhCpP.uBcimZRQKqyDzF/wk62nh1i', NULL, '2023-03-16 10:49:51', '2023-03-16 10:49:51'),
(507, 'customer', 'Sophia', 'Strosin', '82418 Vita Groves', '(648) 940-9455 ', 'Laverna.Boehm@gmail.com', '$2b$10$KWpAhNiaZruU741TUXwCoOp5bsDJXGHuBCA9PbUhmRd0YRhEx3uLa', NULL, '2023-03-16 10:49:51', '2023-03-16 10:49:51'),
(508, 'customer', 'Joey', 'Thompson', '96916 Hoppe Canyon', '1-373-595-1681 ', 'Keshaun_Kuhic64@hotmail.com', '$2b$10$0VeTrcQRb23EHf1JKXteUemXdnhFb6NsGgYZMA5wH.6gg8/TPDqOa', NULL, '2023-03-16 10:49:51', '2023-03-16 10:49:51'),
(509, 'customer', 'Hyman', 'Murphy', '0599 Cruickshank Mall', '1-231-906-1863 ', 'Lazaro.McKenzie@gmail.com', '$2b$10$zahiVEiGfAImD9eATkxYDO2cEAmABeDoBT.MMgtog6QCl5G/Hkjqa', NULL, '2023-03-16 10:49:51', '2023-03-16 10:49:51'),
(510, 'customer', 'Hal', 'Donnelly', '5762 Monica Courts', '979.824.4652', 'Tyson3@yahoo.com', '$2b$10$wm0Vzsm50zcnV6903wZ23.VKQOd2XCJdfVhZRv1pSWG0tCNQSqMJC', NULL, '2023-03-16 10:49:51', '2023-03-16 10:49:51'),
(511, 'customer', 'Rickey', 'Walker', '303 Davin Union', '(714) 911-7424 ', 'Furman_Spinka94@gmail.com', '$2b$10$203.aCJy6lGRHm4RyvcQvec/qupynouNGiRgGnUjl0MSv8nVeISbi', NULL, '2023-03-16 10:49:51', '2023-03-16 10:49:51'),
(512, 'customer', 'Jordy', 'Muller', '141 Boyer Estates', '810.748.2915', 'Kaylin.Spencer@gmail.com', '$2b$10$ntx84w1vJqgzUvni/fxTZ.mLkCTQ.yx7p0wYioKTOKSoyCN.2gYPS', NULL, '2023-03-16 10:49:51', '2023-03-16 10:49:51'),
(513, 'customer', 'Kaya', 'Stracke', '9515 Brandt Ranch', '(455) 785-4364', 'Marcelina_OHara@yahoo.com', '$2b$10$e7u97YzrZa7dCYFBjIIdu.YiN4eydYatiUYf/zkaGT4EbrEvhH846', NULL, '2023-03-16 10:49:51', '2023-03-16 10:49:51'),
(514, 'customer', 'Rossie', 'Quigley', '46650 Jacobson Pine', '294.221.2477', 'Clementina.Monahan99@gmail.com', '$2b$10$Z3HmFhltdN3Y3smeOdbwDeGhRZf3yRFNZVbuaP5wE5Ro1t5Tuej8W', NULL, '2023-03-16 10:49:51', '2023-03-16 10:49:51'),
(515, 'customer', 'Travis', 'Jakubowski', '575 Bayer Fields', '1-204-433-4215 ', 'Kavon67@hotmail.com', '$2b$10$KicGWzZrmdxuLfxF.55F8.ZLj8oKzVs4gGliO7KdjEEwRoCj6u/RO', NULL, '2023-03-16 10:49:51', '2023-03-16 10:49:51'),
(516, 'customer', 'Rebecca', 'Parisian', '085 Welch River', '243-612-1549 x2', 'Ashlynn.Pacocha37@gmail.com', '$2b$10$II/0Tjjal.ZsDhjJXOhbOOlrTwBVBzjmgR7MbSwBkAmBxbce5WiDu', NULL, '2023-03-16 10:49:51', '2023-03-16 10:49:51'),
(517, 'customer', 'Ally', 'Fahey', '762 Antwan Drive', '424.304.1517 x1', 'Keegan_Weissnat61@gmail.com', '$2b$10$2Aw28EQepfPtT1eQlVuyGOGrT9.rNDJek/8/XLD2m9iLWXjjXXgkC', NULL, '2023-03-16 10:49:51', '2023-03-16 10:49:51'),
(518, 'customer', 'Keanu', 'Vandervort', '522 Sylvan Point', '(771) 644-0964', 'Hollis81@gmail.com', '$2b$10$Yk7KrX75CHMkJflQbyn9n.v0p6RLDpI3.1HjJ5g7Q.yZ/Dt8eHzAG', NULL, '2023-03-16 10:49:51', '2023-03-16 10:49:51'),
(519, 'customer', 'Tremaine', 'Ratke', '9279 Breitenberg Loop', '(983) 375-0145 ', 'Theron_Heidenreich37@yahoo.com', '$2b$10$ZEU4HBbJrZqxB0CgQLduguElWUdYmCOXsLF2HLte47k4mzAHnBYY2', NULL, '2023-03-16 10:49:51', '2023-03-16 10:49:51'),
(520, 'customer', 'Mohamed', 'Pfannerstill', '25824 Lynch Mill', '301.997.5410 x1', 'Lue_Zemlak1@gmail.com', '$2b$10$IP866JKYG3uaT1.y9aA0leF5nHN3TRIARMNBl53JTiV19Qkq6LOL2', NULL, '2023-03-16 10:49:51', '2023-03-16 10:49:51'),
(521, 'customer', 'Ayden', 'Rippin', '7959 Rey Bypass', '923-790-6490 x5', 'Tobin91@hotmail.com', '$2b$10$.8HejQyr4.qfUnL0AnCIYOA5FiR8ghKLLs8RsewruFYZGbVhRo1iq', NULL, '2023-03-16 10:49:51', '2023-03-16 10:49:51'),
(522, 'customer', 'Krista', 'Ullrich', '290 Durgan Shoals', '1-858-725-6869', 'Jayde_Leannon59@gmail.com', '$2b$10$seMdMHxkAerNTEZto1276u2VAniWrEbp42DlhZc.XiZFkR7970nEe', NULL, '2023-03-16 10:49:51', '2023-03-16 10:49:51'),
(523, 'customer', 'Ludwig', 'Mraz', '509 Price Loop', '1-275-334-4534 ', 'Althea.Douglas@yahoo.com', '$2b$10$2BRb0W6RhqM8cETadMuCKu5hyeRrgqGxAX3krEZeWRKQNTQPSUaWK', NULL, '2023-03-16 10:49:51', '2023-03-16 10:49:51'),
(524, 'customer', 'Jessyca', 'Bergnaum', '846 Paucek Unions', '(743) 673-7354 ', 'Dawn88@gmail.com', '$2b$10$uD7qhc.eh8DO7a/o6IfXC.v8DFpLz0NdJNqBLtamnlqTvbkf1qg.G', NULL, '2023-03-16 10:49:51', '2023-03-16 10:49:51'),
(525, 'customer', 'Sigrid', 'Christiansen', '61748 Craig River', '1-704-690-1278 ', 'Tyler14@hotmail.com', '$2b$10$VnB.QJc59yz49noE0N6JdudBjTg9gwqeyJDaZ8IO8aog0k7XnqvGi', NULL, '2023-03-16 10:49:51', '2023-03-16 10:49:51'),
(526, 'customer', 'Jalen', 'Carter', '76271 Mosciski Courts', '1-907-943-4855 ', 'Romaine_Schimmel28@gmail.com', '$2b$10$aDwk0UBXcDeeqhCt8BmGS.F8YaQmRuZcDhg5pvNdh1KsdYGnREKhy', NULL, '2023-03-16 10:49:51', '2023-03-16 10:49:51'),
(527, 'customer', 'Lamar', 'Cummerata', '06777 Kub Parkways', '909.772.7686 x5', 'Raphaelle_Schumm@yahoo.com', '$2b$10$ef1rx//OAgt1yFRi0iafgu09FEe21KKXbQJlcauxuasGMlFDAKPFi', NULL, '2023-03-16 10:49:51', '2023-03-16 10:49:51'),
(528, 'customer', 'Abigale', 'Schmitt', '7983 Jermey Mountain', '1-414-211-6954 ', 'Raquel.Hartmann34@gmail.com', '$2b$10$exiTDOEWjaHOa20lr7RkR.JuUHO9QyyYuc6u31vMjGQDXQ0O6fsri', NULL, '2023-03-16 10:49:51', '2023-03-16 10:49:51'),
(529, 'customer', 'Mauricio', 'Cormier', '611 Oberbrunner Islands', '481-520-7620 x2', 'Tania19@yahoo.com', '$2b$10$twAe0V0lPZFuiUbA1R5D/uzvs/ij2gwBvLAL53078SQgoHmOmV5J6', NULL, '2023-03-16 10:49:51', '2023-03-16 10:49:51'),
(530, 'customer', 'Ima', 'McClure', '72106 Larkin Junction', '866-444-4623', 'Hertha_Wolf@hotmail.com', '$2b$10$hpTzJgZMD6AsmasfitXHMeR8a9OPfvQZfLXYXek4FNzQoH4oJzrbm', NULL, '2023-03-16 10:49:51', '2023-03-16 10:49:51'),
(531, 'customer', 'Jamaal', 'Smith', '8483 Evalyn Key', '1-722-710-8601 ', 'Arturo_Predovic79@yahoo.com', '$2b$10$WUXJ11hKu4xP3ZXMmzCNUOcHM50dJwBR.IIgESbuxJ1yyrE7PeaRu', NULL, '2023-03-16 10:49:51', '2023-03-16 10:49:51'),
(532, 'customer', 'Mateo', 'Grady', '747 Ryan Road', '867.588.1305 x6', 'Burdette_Mills@hotmail.com', '$2b$10$mBQeM6G/TbFbK7etJ5msZ.x6Tnreolp2MHoWqVuZUsMsx84eTFCyu', NULL, '2023-03-16 10:49:51', '2023-03-16 10:49:51'),
(533, 'customer', 'Keyshawn', 'Schamberger', '2045 Godfrey Bypass', '238-660-4654 x5', 'Joey.Kessler@yahoo.com', '$2b$10$qVDZvDBhyUXf5Za/0uyJuuHM335ncV74sQrN6/0mAodV9hQhS3QxC', NULL, '2023-03-16 10:49:51', '2023-03-16 10:49:51'),
(534, 'customer', 'Jo', 'Kub', '9406 Gertrude Crossroad', '1-822-685-8637 ', 'Jalen.Runolfsson32@yahoo.com', '$2b$10$kPZI6oK2oD0iRdvDLgkzhePqtwcDPN.eyWIAkgn2LE5BCzkdh.Avq', NULL, '2023-03-16 10:49:51', '2023-03-16 10:49:51'),
(535, '[\"customer\"]', 'alejandro', 'oletres', 'tukuran', NULL, 'alejandrooletres@gmail.com', '$2b$10$5mJqPoDVXwzQaNzzVLG4kObvRDm3JaUNijZGwjpTx9mTMIBnKfvMe', NULL, '2023-04-30 09:44:26', '2023-04-30 09:44:26'),
(536, '[\"customer\"]', 'fasdf', 'asdf', 'adsfads', NULL, 'daf@gmail.com', '$2b$10$gEe7Vt5mH4bRfgOkTV.kiuq7AiCk1hj6h3h4J69Svfcu1wHY8WFr.', NULL, '2023-04-30 09:45:24', '2023-04-30 09:45:24'),
(537, '[\"customer\"]', 'asdf', 'asdf', 'asdf', NULL, 'asdf', '$2b$10$fKJcaNlyNkEQn7/pUJ37Ium1lT3LFml2xjd1SJnl.eEoWNgvLL2c.', NULL, '2023-04-30 09:46:22', '2023-04-30 09:46:22'),
(538, '[\"customer\"]', 'adsf', 'adsf', 'tukuran', NULL, 'asdf@gmail.com', '$2b$10$fHAGpX9YpytTG5KGV0eR4OohphGr.a4x8vyF6u7obBpB2ZVJNy7H6', NULL, '2023-04-30 11:56:26', '2023-04-30 11:56:26'),
(539, '[\"customer\"]', 'pernando', 'alejando', 'tukuran', NULL, 'alejandro@gmail.com', '$2b$10$khlBcq2GOZxHZCqntKuj6O1hisUwYVRIpe.K.Thi9CWwy8hE/e/Zi', NULL, '2023-04-30 11:57:57', '2023-04-30 11:57:57'),
(541, '[\"customer\"]', 'alejandro', 'oletres', 'tukuran', NULL, 'alejao@gmail.com', '$2b$10$HVOOKdUM9fgUctNJ5CTjteL5v5PpbpQvhwFhrz9RrHv69XRcLCU9y', NULL, '2023-04-30 12:04:34', '2023-04-30 12:04:34'),
(542, '[\"customer\"]', 'shella', 'luyao', 'tukuran', NULL, 'shella@gmail.com', '$2b$10$fBjJxfQDq0vmMy0wNAjG0Omx7E2TfNCRzORrGhXl2CljowbdPPQdq', NULL, '2023-04-30 12:10:49', '2023-04-30 12:10:49'),
(543, '[\"customer\"]', 'ALEJANRDO', 'ADSF', 'tukuran', NULL, 'luyao@gmail.com', '$2b$10$c8UUXvPMlvsgXPE88rqITei.fSuJZlNYzUUlb4FwmSNtInDYFoc/6', NULL, '2023-04-30 12:13:11', '2023-04-30 12:13:11'),
(544, '[\"customer\"]', 'shey', 'luyah', 'tukuran', NULL, 'she@gmail.co', '$2b$10$SAkOiiZilVpS9kbZ.J8NeeyeSTQ2kMGuwe98QSzyzUbL0W8593pq2', NULL, '2023-04-30 12:18:04', '2023-04-30 12:18:04'),
(545, '[\"customer\"]', 'LUYAO', 'shey', 'tukuran', NULL, 's@gmail.com', '$2b$10$wz6FakX0DPsfwtLWEHlM3OG7iIs0fvW5ToLZrOU7FGbA0ZUa87VrS', NULL, '2023-04-30 12:35:04', '2023-04-30 12:35:04');

--
-- Indexes for dumped tables
--

--
-- Indexes for table `m_bookings`
--
ALTER TABLE `m_bookings`
  ADD PRIMARY KEY (`id`);

--
-- Indexes for table `m_cottages`
--
ALTER TABLE `m_cottages`
  ADD PRIMARY KEY (`id`);

--
-- Indexes for table `m_payment_records`
--
ALTER TABLE `m_payment_records`
  ADD PRIMARY KEY (`id`);

--
-- Indexes for table `m_users`
--
ALTER TABLE `m_users`
  ADD PRIMARY KEY (`id`),
  ADD UNIQUE KEY `email` (`email`),
  ADD UNIQUE KEY `mobile_number` (`mobile_number`);

--
-- AUTO_INCREMENT for dumped tables
--

--
-- AUTO_INCREMENT for table `m_bookings`
--
ALTER TABLE `m_bookings`
  MODIFY `id` int(11) NOT NULL AUTO_INCREMENT, AUTO_INCREMENT=528;

--
-- AUTO_INCREMENT for table `m_cottages`
--
ALTER TABLE `m_cottages`
  MODIFY `id` int(11) NOT NULL AUTO_INCREMENT, AUTO_INCREMENT=6;

--
-- AUTO_INCREMENT for table `m_payment_records`
--
ALTER TABLE `m_payment_records`
  MODIFY `id` int(11) NOT NULL AUTO_INCREMENT, AUTO_INCREMENT=539;

--
-- AUTO_INCREMENT for table `m_users`
--
ALTER TABLE `m_users`
  MODIFY `id` int(11) NOT NULL AUTO_INCREMENT, AUTO_INCREMENT=546;
COMMIT;

/*!40101 SET CHARACTER_SET_CLIENT=@OLD_CHARACTER_SET_CLIENT */;
/*!40101 SET CHARACTER_SET_RESULTS=@OLD_CHARACTER_SET_RESULTS */;
/*!40101 SET COLLATION_CONNECTION=@OLD_COLLATION_CONNECTION */;
